-- MySQL dump 10.13  Distrib 5.7.17, for Win64 (x86_64)
--
-- Host: 172.17.135.24    Database: ishare
-- ------------------------------------------------------
-- Server version	5.5.5-10.2.13-MariaDB-10.2.13+maria~jessie

/*!40101 SET @OLD_CHARACTER_SET_CLIENT=@@CHARACTER_SET_CLIENT */;
/*!40101 SET @OLD_CHARACTER_SET_RESULTS=@@CHARACTER_SET_RESULTS */;
/*!40101 SET @OLD_COLLATION_CONNECTION=@@COLLATION_CONNECTION */;
/*!40101 SET NAMES utf8 */;
/*!40103 SET @OLD_TIME_ZONE=@@TIME_ZONE */;
/*!40103 SET TIME_ZONE='+00:00' */;
/*!40014 SET @OLD_UNIQUE_CHECKS=@@UNIQUE_CHECKS, UNIQUE_CHECKS=0 */;
/*!40014 SET @OLD_FOREIGN_KEY_CHECKS=@@FOREIGN_KEY_CHECKS, FOREIGN_KEY_CHECKS=0 */;
/*!40101 SET @OLD_SQL_MODE=@@SQL_MODE, SQL_MODE='NO_AUTO_VALUE_ON_ZERO' */;
/*!40111 SET @OLD_SQL_NOTES=@@SQL_NOTES, SQL_NOTES=0 */;

--
-- Table structure for table `web_admin`
--

DROP TABLE IF EXISTS `web_admin`;
/*!40101 SET @saved_cs_client     = @@character_set_client */;
/*!40101 SET character_set_client = utf8 */;
CREATE TABLE `web_admin` (
  `username` varchar(100) NOT NULL COMMENT '帳號、索引值',
  `name` varchar(100) NOT NULL COMMENT '系統管理員姓名',
  `tel` varchar(50) DEFAULT NULL COMMENT '系統管理員電話',
  PRIMARY KEY (`username`)
) ENGINE=InnoDB DEFAULT CHARSET=utf8;
/*!40101 SET character_set_client = @saved_cs_client */;

--
-- Dumping data for table `web_admin`
--

LOCK TABLES `web_admin` WRITE;
/*!40000 ALTER TABLE `web_admin` DISABLE KEYS */;
INSERT INTO `web_admin` VALUES ('admin','協會秘書長',NULL);
/*!40000 ALTER TABLE `web_admin` ENABLE KEYS */;
UNLOCK TABLES;

--
-- Table structure for table `web_api`
--

DROP TABLE IF EXISTS `web_api`;
/*!40101 SET @saved_cs_client     = @@character_set_client */;
/*!40101 SET character_set_client = utf8 */;
CREATE TABLE `web_api` (
  `id` int(11) NOT NULL AUTO_INCREMENT,
  `type` int(11) DEFAULT NULL COMMENT '登入身分',
  `route` varchar(100) DEFAULT NULL,
  `api_carousel` tinyint(4) DEFAULT NULL,
  `api_group` tinyint(4) DEFAULT NULL,
  `api_log` tinyint(4) DEFAULT NULL,
  `api_mission` tinyint(4) DEFAULT NULL,
  `api_participate` tinyint(4) DEFAULT NULL,
  `api_record` tinyint(4) DEFAULT NULL,
  `api_student` tinyint(4) DEFAULT NULL,
  `api_teacher` tinyint(4) DEFAULT NULL,
  `api_user` tinyint(4) DEFAULT NULL,
  `api_volunteer` tinyint(4) DEFAULT NULL,
  PRIMARY KEY (`id`)
) ENGINE=InnoDB AUTO_INCREMENT=101 DEFAULT CHARSET=utf8;
/*!40101 SET character_set_client = @saved_cs_client */;

--
-- Dumping data for table `web_api`
--

LOCK TABLES `web_api` WRITE;
/*!40000 ALTER TABLE `web_api` DISABLE KEYS */;
INSERT INTO `web_api` VALUES (1,1,'find',1,NULL,NULL,NULL,NULL,1,1,NULL,NULL,NULL),(2,1,'create',NULL,NULL,NULL,NULL,1,1,NULL,NULL,NULL,NULL),(3,1,'update',NULL,NULL,NULL,NULL,1,NULL,NULL,NULL,1,NULL),(4,1,'delete',NULL,NULL,NULL,NULL,1,NULL,NULL,NULL,NULL,NULL),(5,1,'id',NULL,1,NULL,NULL,NULL,NULL,NULL,NULL,NULL,NULL),(6,1,'group',NULL,NULL,NULL,1,NULL,NULL,NULL,NULL,NULL,NULL),(7,1,'user',NULL,NULL,NULL,1,NULL,NULL,NULL,NULL,NULL,NULL),(8,1,'type',NULL,NULL,NULL,1,NULL,NULL,NULL,NULL,NULL,NULL),(9,1,'verify',NULL,NULL,NULL,NULL,NULL,NULL,NULL,NULL,NULL,NULL),(10,1,'give',NULL,NULL,NULL,NULL,NULL,NULL,NULL,NULL,NULL,NULL),(11,1,'missionexp',NULL,NULL,NULL,NULL,1,NULL,NULL,NULL,NULL,NULL),(12,1,'status',NULL,NULL,NULL,NULL,NULL,NULL,NULL,NULL,NULL,NULL),(13,1,'homepage',NULL,NULL,NULL,NULL,1,NULL,NULL,NULL,NULL,NULL),(14,1,'participate',NULL,NULL,NULL,NULL,NULL,NULL,NULL,NULL,NULL,NULL),(15,1,'mission',NULL,NULL,NULL,NULL,NULL,NULL,NULL,NULL,NULL,NULL),(16,1,'carousel',NULL,NULL,NULL,NULL,NULL,NULL,NULL,NULL,NULL,NULL),(17,1,'profile',NULL,NULL,NULL,NULL,NULL,NULL,NULL,NULL,NULL,NULL),(18,1,'login',NULL,NULL,NULL,NULL,NULL,NULL,NULL,NULL,1,NULL),(19,1,'userinfo',NULL,NULL,NULL,NULL,NULL,NULL,NULL,NULL,1,NULL),(20,1,'permission',NULL,NULL,NULL,NULL,NULL,NULL,NULL,NULL,NULL,NULL),(21,2,'find',1,1,1,NULL,NULL,1,1,1,NULL,1),(22,2,'create',1,NULL,NULL,1,NULL,NULL,NULL,NULL,NULL,NULL),(23,2,'update',1,NULL,NULL,1,1,NULL,NULL,NULL,1,NULL),(24,2,'delete',1,NULL,NULL,NULL,NULL,NULL,NULL,NULL,NULL,NULL),(25,2,'id',NULL,1,NULL,NULL,NULL,NULL,NULL,NULL,NULL,NULL),(26,2,'group',NULL,NULL,NULL,1,NULL,NULL,NULL,NULL,NULL,NULL),(27,2,'user',NULL,NULL,NULL,1,NULL,NULL,NULL,NULL,NULL,NULL),(28,2,'type',NULL,NULL,NULL,1,NULL,NULL,NULL,NULL,NULL,NULL),(29,2,'verify',NULL,NULL,NULL,1,NULL,NULL,NULL,NULL,NULL,NULL),(30,2,'give',NULL,NULL,NULL,NULL,NULL,NULL,NULL,NULL,NULL,NULL),(31,2,'missionexp',NULL,NULL,NULL,NULL,1,NULL,NULL,NULL,NULL,NULL),(32,2,'status',NULL,NULL,NULL,NULL,1,NULL,NULL,NULL,NULL,NULL),(33,2,'homepage',NULL,NULL,NULL,NULL,NULL,NULL,NULL,NULL,NULL,NULL),(34,2,'participate',NULL,NULL,NULL,NULL,NULL,NULL,NULL,NULL,NULL,NULL),(35,2,'mission',NULL,NULL,NULL,NULL,NULL,NULL,NULL,NULL,NULL,NULL),(36,2,'carousel',NULL,NULL,NULL,NULL,NULL,NULL,NULL,NULL,NULL,NULL),(37,2,'profile',NULL,NULL,NULL,NULL,NULL,NULL,NULL,NULL,NULL,NULL),(38,2,'login',1,NULL,NULL,NULL,NULL,NULL,NULL,NULL,1,NULL),(39,2,'userinfo',NULL,NULL,NULL,NULL,NULL,NULL,NULL,NULL,1,NULL),(40,2,'permission',NULL,NULL,NULL,NULL,NULL,NULL,NULL,NULL,1,NULL),(41,3,'find',1,1,1,NULL,NULL,1,1,1,NULL,1),(42,3,'create',1,NULL,NULL,1,NULL,NULL,NULL,NULL,NULL,NULL),(43,3,'update',1,NULL,NULL,1,1,NULL,NULL,NULL,1,NULL),(44,3,'delete',1,NULL,NULL,NULL,NULL,NULL,NULL,NULL,NULL,NULL),(45,3,'id',NULL,1,NULL,NULL,NULL,NULL,NULL,NULL,NULL,NULL),(46,3,'group',NULL,NULL,NULL,1,NULL,NULL,NULL,NULL,NULL,NULL),(47,3,'user',NULL,NULL,NULL,1,NULL,NULL,NULL,NULL,NULL,NULL),(48,3,'type',NULL,NULL,NULL,1,NULL,NULL,NULL,NULL,NULL,NULL),(49,3,'verify',NULL,NULL,NULL,1,NULL,NULL,NULL,NULL,NULL,NULL),(50,3,'give',NULL,NULL,NULL,NULL,NULL,NULL,NULL,NULL,NULL,NULL),(51,3,'missionexp',NULL,NULL,NULL,NULL,1,NULL,NULL,NULL,NULL,NULL),(52,3,'status',NULL,NULL,NULL,NULL,1,NULL,NULL,NULL,NULL,NULL),(53,3,'homepage',NULL,NULL,NULL,NULL,NULL,NULL,NULL,NULL,NULL,NULL),(54,3,'participate',NULL,NULL,NULL,NULL,NULL,NULL,NULL,NULL,NULL,NULL),(55,3,'mission',NULL,NULL,NULL,NULL,NULL,NULL,NULL,NULL,NULL,NULL),(56,3,'carousel',NULL,NULL,NULL,NULL,NULL,NULL,NULL,NULL,NULL,NULL),(57,3,'profile',NULL,NULL,NULL,NULL,NULL,NULL,NULL,NULL,NULL,NULL),(58,3,'login',1,NULL,NULL,NULL,NULL,NULL,NULL,NULL,1,NULL),(59,3,'userinfo',NULL,NULL,NULL,NULL,NULL,NULL,NULL,NULL,1,NULL),(60,3,'permission',NULL,NULL,NULL,NULL,NULL,NULL,NULL,NULL,1,NULL),(61,4,'find',1,1,1,NULL,NULL,1,1,1,NULL,1),(62,4,'create',1,NULL,NULL,NULL,1,1,NULL,NULL,1,NULL),(63,4,'update',1,NULL,NULL,1,1,NULL,NULL,NULL,1,NULL),(64,4,'delete',1,NULL,NULL,1,1,NULL,NULL,NULL,1,NULL),(65,4,'id',NULL,1,NULL,NULL,NULL,NULL,NULL,NULL,NULL,NULL),(66,4,'group',NULL,NULL,NULL,1,NULL,NULL,NULL,NULL,NULL,NULL),(67,4,'user',NULL,NULL,NULL,1,NULL,NULL,NULL,NULL,NULL,NULL),(68,4,'type',NULL,NULL,NULL,1,NULL,NULL,NULL,NULL,NULL,NULL),(69,4,'verify',NULL,NULL,NULL,NULL,NULL,NULL,NULL,NULL,NULL,NULL),(70,4,'give',NULL,NULL,NULL,1,NULL,NULL,NULL,NULL,NULL,NULL),(71,4,'missionexp',NULL,NULL,NULL,NULL,1,NULL,NULL,NULL,NULL,NULL),(72,4,'status',NULL,NULL,NULL,NULL,1,NULL,NULL,NULL,NULL,NULL),(73,4,'homepage',NULL,NULL,NULL,NULL,NULL,NULL,NULL,NULL,NULL,NULL),(74,4,'participate',NULL,NULL,NULL,NULL,NULL,NULL,NULL,NULL,NULL,NULL),(75,4,'mission',NULL,NULL,NULL,NULL,NULL,NULL,NULL,NULL,NULL,NULL),(76,4,'carousel',NULL,NULL,NULL,NULL,NULL,NULL,NULL,NULL,NULL,NULL),(77,4,'profile',NULL,NULL,NULL,NULL,NULL,NULL,NULL,NULL,NULL,NULL),(78,4,'login',1,NULL,NULL,NULL,NULL,NULL,NULL,NULL,1,NULL),(79,4,'userinfo',NULL,NULL,NULL,NULL,NULL,NULL,NULL,NULL,1,NULL),(80,4,'permission',NULL,NULL,NULL,NULL,NULL,NULL,NULL,NULL,1,NULL),(81,5,'find',NULL,NULL,NULL,NULL,NULL,NULL,NULL,NULL,NULL,NULL),(82,5,'create',NULL,NULL,NULL,NULL,NULL,1,NULL,NULL,NULL,NULL),(83,5,'update',NULL,NULL,NULL,NULL,NULL,NULL,NULL,NULL,NULL,NULL),(84,5,'delete',NULL,NULL,NULL,NULL,NULL,NULL,NULL,NULL,NULL,NULL),(85,5,'id',NULL,NULL,NULL,NULL,NULL,NULL,NULL,NULL,NULL,NULL),(86,5,'group',NULL,NULL,NULL,NULL,NULL,NULL,NULL,NULL,NULL,NULL),(87,5,'user',NULL,NULL,NULL,NULL,NULL,NULL,NULL,NULL,NULL,NULL),(88,5,'type',NULL,NULL,NULL,NULL,NULL,NULL,NULL,NULL,NULL,NULL),(89,5,'verify',NULL,NULL,NULL,NULL,NULL,NULL,NULL,NULL,NULL,NULL),(90,5,'give',NULL,NULL,NULL,NULL,NULL,NULL,NULL,NULL,NULL,NULL),(91,5,'missionexp',NULL,NULL,NULL,NULL,NULL,NULL,NULL,NULL,NULL,NULL),(92,5,'status',NULL,NULL,NULL,NULL,NULL,NULL,NULL,NULL,NULL,NULL),(93,5,'homepage',NULL,NULL,NULL,NULL,NULL,NULL,NULL,NULL,NULL,NULL),(94,5,'participate',NULL,NULL,NULL,NULL,NULL,NULL,NULL,NULL,NULL,NULL),(95,5,'mission',NULL,NULL,NULL,NULL,NULL,NULL,NULL,NULL,NULL,NULL),(96,5,'carousel',NULL,NULL,NULL,NULL,NULL,NULL,NULL,NULL,NULL,NULL),(97,5,'profile',NULL,NULL,NULL,NULL,NULL,NULL,NULL,NULL,NULL,NULL),(98,5,'login',NULL,NULL,NULL,NULL,NULL,NULL,NULL,NULL,NULL,NULL),(99,5,'userinfo',NULL,NULL,NULL,NULL,NULL,NULL,NULL,NULL,NULL,NULL),(100,5,'permission',NULL,NULL,NULL,NULL,NULL,NULL,NULL,NULL,NULL,NULL);
/*!40000 ALTER TABLE `web_api` ENABLE KEYS */;
UNLOCK TABLES;

--
-- Table structure for table `web_carousel`
--

DROP TABLE IF EXISTS `web_carousel`;
/*!40101 SET @saved_cs_client     = @@character_set_client */;
/*!40101 SET character_set_client = utf8 */;
CREATE TABLE `web_carousel` (
  `id` int(11) NOT NULL AUTO_INCREMENT COMMENT '索引值',
  `picturesort` int(11) DEFAULT NULL COMMENT '圖片排序',
  `picturecontent` varchar(1000) DEFAULT NULL COMMENT '圖片描述',
  `pictureurl` varchar(10000) NOT NULL COMMENT '圖片存放位址',
  `picturelink` varchar(2000) DEFAULT NULL COMMENT '圖片連結',
  PRIMARY KEY (`id`)
) ENGINE=InnoDB AUTO_INCREMENT=18 DEFAULT CHARSET=utf8;
/*!40101 SET character_set_client = @saved_cs_client */;

--
-- Dumping data for table `web_carousel`
--

LOCK TABLES `web_carousel` WRITE;
/*!40000 ALTER TABLE `web_carousel` DISABLE KEYS */;
INSERT INTO `web_carousel` VALUES (15,3,'天地人學堂：會計師教您認識及閱讀財務報表','/assets/dashboard/f398f4d41c81f7061d1c384b9335f0fe.jpg','http://www.ishareget.org/#/mission/introduce?id=42'),(17,1,'【阿薩布魯聊書會】台北社群讀書會','/assets/dashboard/2c204975d7c16b2b211b01550cdf1d96.jpg','http://www.ishareget.org/#/mission/introduce?id=46');
/*!40000 ALTER TABLE `web_carousel` ENABLE KEYS */;
UNLOCK TABLES;

--
-- Table structure for table `web_group`
--

DROP TABLE IF EXISTS `web_group`;
/*!40101 SET @saved_cs_client     = @@character_set_client */;
/*!40101 SET character_set_client = utf8 */;
CREATE TABLE `web_group` (
  `id` int(11) NOT NULL AUTO_INCREMENT COMMENT '索引值',
  `groupname` varchar(100) NOT NULL COMMENT '社福／協會名稱',
  `name` varchar(500) NOT NULL,
  `grouptype` varchar(10) NOT NULL COMMENT '單位身分',
  PRIMARY KEY (`id`),
  UNIQUE KEY `groupname` (`groupname`)
) ENGINE=InnoDB AUTO_INCREMENT=8 DEFAULT CHARSET=utf8;
/*!40101 SET character_set_client = @saved_cs_client */;

--
-- Dumping data for table `web_group`
--

LOCK TABLES `web_group` WRITE;
/*!40000 ALTER TABLE `web_group` DISABLE KEYS */;
INSERT INTO `web_group` VALUES (1,'ISH','ishare','協會'),(2,'THC','桃園家扶中心','社福'),(3,'TWO','台灣世界展望會','社福'),(4,'TCF','台灣兒童暨家庭扶助基金會','社福'),(6,'CWF','兒童福利聯盟文教基金會','社福'),(7,'HLES','新北市永和區秀朗國民小學','學校');
/*!40000 ALTER TABLE `web_group` ENABLE KEYS */;
UNLOCK TABLES;

--
-- Table structure for table `web_log`
--

DROP TABLE IF EXISTS `web_log`;
/*!40101 SET @saved_cs_client     = @@character_set_client */;
/*!40101 SET character_set_client = utf8 */;
CREATE TABLE `web_log` (
  `id` int(11) NOT NULL AUTO_INCREMENT COMMENT '索引值',
  `loginusername` varchar(100) NOT NULL COMMENT '登入帳號',
  `logintime` datetime NOT NULL COMMENT '登入時間',
  `loginip` varchar(200) NOT NULL COMMENT '登入IP',
  PRIMARY KEY (`id`)
) ENGINE=InnoDB AUTO_INCREMENT=990 DEFAULT CHARSET=utf8;
/*!40101 SET character_set_client = @saved_cs_client */;

--
-- Dumping data for table `web_log`
--

LOCK TABLES `web_log` WRITE;
/*!40000 ALTER TABLE `web_log` DISABLE KEYS */;
/*!40000 ALTER TABLE `web_log` ENABLE KEYS */;
UNLOCK TABLES;

--
-- Table structure for table `web_mission`
--

DROP TABLE IF EXISTS `web_mission`;
/*!40101 SET @saved_cs_client     = @@character_set_client */;
/*!40101 SET character_set_client = utf8 */;
CREATE TABLE `web_mission` (
  `id` int(11) NOT NULL AUTO_INCREMENT COMMENT '索引值',
  `missionname` varchar(100) NOT NULL COMMENT '任務名稱',
  `missiontype` int(11) NOT NULL COMMENT '任務型態',
  `missioncontent` varchar(5000) NOT NULL COMMENT '任務內容',
  `missioncreater` varchar(100) NOT NULL COMMENT '任務建立者',
  `missiongroup` int(11) NOT NULL COMMENT '任務歸屬社福單位／協會',
  `status` varchar(100) NOT NULL DEFAULT '審核中',
  `missioncreatedate` date NOT NULL COMMENT '任務建立日期',
  `missionstartdate` date NOT NULL COMMENT '任務開始日期',
  `missionfinaldate` date NOT NULL COMMENT '任務結束日期',
  `missionexperiencedate` date NOT NULL COMMENT '任務開放心得填寫日期',
  `missionpoint` int(11) NOT NULL DEFAULT 0 COMMENT '任務點數',
  `missionpicture` varchar(10000) NOT NULL COMMENT '任務存放圖片位址',
  `missionlocation` varchar(500) NOT NULL,
  `missionspecial` longtext CHARACTER SET utf8mb4 COLLATE utf8mb4_bin DEFAULT NULL COMMENT '因應任務類別需求的特殊欄位',
  `signature` tinyint(4) DEFAULT NULL,
  PRIMARY KEY (`id`)
) ENGINE=InnoDB AUTO_INCREMENT=160 DEFAULT CHARSET=utf8;
/*!40101 SET character_set_client = @saved_cs_client */;

--
-- Dumping data for table `web_mission`
--

LOCK TABLES `web_mission` WRITE;
/*!40000 ALTER TABLE `web_mission` DISABLE KEYS */;
INSERT INTO `web_mission` VALUES (41,'陪你閱讀一本書──主軸三：從親子關係的創傷與陰影走向溝通與連結',1,'從親子關係的創傷與陰影走向溝通與連結<br><br><br>親子關係，是每個人一生中最初、最重要，也是最核心的關係；其餘的關係，往往是親子關係的擴張複演。而每位父母，都曾經是個孩子，也始終具有孩子的身分。<br><br> <br><br>這是往往容易被忽略的盲點：即使年歲已高，生兒育女，建立新的家庭，我們都曾經歷過童年的成長過程，也與我們的父母維持「親子關係」。因此，孩子在成長過程中所受過的創傷，和面臨的陰影，並不代表身為父母的成人就不會有。<br><br> <br><br>甚至許多的父母都是帶著童年的傷的大人，內在都還有一個受傷的孩子。並且不自覺地，將這樣的傷和親子關係中所受過的陰影，都投射在孩子身上。<br><br> <br><br>像是總是為孩子塞滿課程、逼學各種才藝，無視孩子的體力與喜好，只丟一句：我都是為你好，你將來就會感謝我！這完全是出於自身的匱乏心理，細究之後會發現，這往往是父母當年未曾完成的夢想和渴望，或者在與他人比較競逐的過程中，感到不及他人的自卑部分——並不是真的跟孩子有關，孩子也無法真心感受到愛，理所當然地會產生反抗的心理。諸多的爭執、情感與觀念的斷層由是而生。<br><br> <br><br>在這樣未曾細察覺知的創傷和陰影底下複演的親子關係，並不會有真正的溝通，更不用說是全心對全心的親密連結。<br><br> <br><br>因此，我們設計一系列的閱讀課程，從幾部關於親子關係、創傷與陰影的重要著作的閱讀中，一步一步引領各位了解親子關係中的創傷是如何形成？親子關係中有哪些常被忽略不見的陰影面？這些創傷與陰影如何反映著內在底層的真實渴望？從明白自身，走向照見彼此，融化關係中凍結的冰層，使關係恢復流動溝通，進而重建親密連結。<br><br> <br><br>我們將從家族治療泰斗薩提爾（Virginia Satir）女士的集大成之作《薩提爾的家族治療模式》開始閱讀，深入探討她對家庭、親子、個人的精闢見解，以及她著名的幾個學說，如求生姿態（應對姿態）、內在冰山、面貌舞會等。分成八大部分：<br><br>  <br><br><br>3/04 (日) 第一部分 原始關係的建立：最初的三角關係，「我是我」的認知<br>3/11 (日) 第二部分 求生存姿態的起源與演變：從童年開始發展的自我保護<br><br>3/18 (日) 第三部分 自我的探索：如何覺知自己、如何跨越僵固的自我界線？<br>4/01 (日) 第四部分 轉化的歷程：內在冰山的6個層次<br>4/08 (日) 第五部分 找回你的內在資源：面貌舞會<br>4/15 (日) 第六部分 重新認識你的家庭：家庭雕塑與重塑<br>4/22 (日) 第七部分 重新整合你自己：自我雕塑與重塑<br>4/29 (日) 第八部分 走向療癒的工具與方法：薩提爾女士的建議','ISHT01',1,'已下架','2018-01-29','2018-01-29','2018-02-28','2018-02-01',50,'/assets/activity/mission/eb919b3f1545e7345999d9011eca0cb2.jpg','台北市大安區新生南路三段16-1號2樓','{\"Link\": null, \"Transportation\": null}',NULL),(42,'天地人學堂：會計師教您認識及閱讀財務報表',1,'透過財務數據擬定公司運作方向<br>企業負責人、中高階主管、創業老闆，面對企業經營時，常有以下問題：明明公司業績很好有賺錢，但卻不知錢去哪裡了？營收有了大幅度成長，為何資金仍舊短缺？為何向銀行貸款卻被拒絕？透過解讀財報就有辦法跟銀行爭取融資嗎？若公司財務吃緊，有哪些開支可以削減？又或者如何得知哪些產品獲利最少？天地人文創旗下天地人學堂特地規劃出「會計師教您如何讀財務報表」課程，邀請到莊世金會計師前來授課，讓非財務會計背景出身的您，也能透過讀懂財務報表解決以上問題，且有辦法架構及取得公司財務報表，並理解報表中的數字意義，最終透過財務數字分析為公司做出有用決策。<br><br>財報上的數字到底代表什麼意義？<br>每一間公司都應該要有完整的財務報表，而若想評估一間公司的表現，也可以透過財報數據分析判斷，像是透過資產負債表，將能夠了解一間公司擁有些什麼與積欠了什麼？損益表則能夠了解公司在某一段時間內是否賺錢？而淨利則是最直接的公司營運績效指標。除此之外，還有現金流量、資產報酬率等數據，若能瞭解其中代表的意義，將能夠完整透徹掌握公司財務全貌。','ISHT01',1,'已下架','2018-01-29','2018-01-29','2018-02-16','2018-02-01',30,'/assets/activity/mission/42434af5b400501302c7f8f53396af29.jpg','台北市中正區齊東街74號','{\"Link\": null, \"Transportation\": null}',NULL),(43,'【喜閱樹Ｘ台灣工藝美術學校Ｘ未來少年】台灣工藝之旅冬令營',1,'「為何是工藝？」<br><br>「因為它象徵著人類的物質文明，工藝品正是我們所使用的器物。可是在工業革命以後，許多工業產品所使用的物質，不但危害我們的人體健康，更危害我們的環境。然而傳統工藝所使用的都是天然材質，將天然材質做成器物，不正是符合健康又環保的做法嗎？所以關注於工藝教育和產業是我關懷這個世界的一種方式。」河邊生活老闆暨台灣工藝美術學校創辦人 陳明輝先生如是說。<br><br>「那你覺得可以用怎樣的方式帶孩子進入工藝教育中呢？」<br><br>「用近似閱讀的方式。只是我們的閱讀文本不只是這些工藝的基本知識，我們還要能讓孩子動手作，用手學，將知識與生活體驗充分結合。」<br><br> <br><br>秉持這樣的初心，喜閱樹運用未來少年《潮農村，酷手藝》的雜誌文本，結合台灣工藝美術學校豐厚的台灣工藝資源，舉辦2018《台灣工藝之旅》冬令營，渴望孩子們一同來跨界閱讀，用心也動手，瞭解台灣工藝之美，迎向一個兼具美感與環保的物質文明。','ISHT01',1,'已下架','2018-01-29','2018-01-29','2018-03-01','2018-02-28',150,'/assets/activity/mission/5807dee7e9201098cff4cc1f4ca010b2.jpg','台北市大安區新生南路三段16-1號3樓','{\"Link\": null, \"Transportation\": null}',NULL),(44,'鄭治桂【羅浮宮繪畫十講—閱讀歐洲繪畫藝術】',1,'新的一年，藝集也帶來新一系列的藝術講座，讓我們跟著鄭治桂老師學習藝術知識，浸淫在老師所帶來的藝術經驗感受，我們慢下腳步，閱讀藝術、閱讀美的事物，進一步內化成為屬於自己的東西，說不定能看見平易生活中更多美好事物。<br><br>上至公元前七世紀、下至19世紀中期的42萬件典藏，由鄭治桂老師將帶領我們一窺羅浮宮典藏中繪畫藝術的經典、藝術史和藝術價值，見證整個歐洲繪畫藝術，從現代文明起點——文藝復興，到德國、荷蘭、法蘭德斯等北方歐洲繪畫的典藏，歷經了華麗絢爛的巴洛克影響而後有洛可可貴族式的風格、後論及法國浪漫主義與新古典主義的法國繪畫，看盡歐洲藝術風格演變和藝術傑作，讓國內著名藝評家——鄭治桂帶領我們踏上優雅的藝術之旅，遊歷其中，飽覽經典。<br><br>_<br>鄭治桂老師導覽羅浮宮<br>ℳ「羅浮宮的歐洲繪畫」 2/23, 3/2, 9, 23, 30, 4/6<br>2/23- 義大利繪畫-I (Peinture italienne)<br>3/2 - 義大利繪畫-II (Peinture italienne)<br>3/9 - 北方繪畫 – 法蘭德斯/荷蘭(Peinture du Nord)<br>3/23- 德國繪畫(Peinture allemande)<br>3/30- 西班牙繪畫 (Peinture espagnole)<br>4/6 - 英國繪畫(Peinture anglaise)<br>ℳ「羅浮宮的法國繪畫」5/11, 5/18, 5/25, 6/1<br>5/11- 古典時期(Peinture française - Classique )<br>5/18- 巴洛克(Peinture française - Baroque)<br>5/25- 洛可可(Peinture française - Rococo)<br>6/1 - 新古典/浪漫(Peinture française - Neo-classicisme / Romantisme)<br><br>單堂400，2/14號前全報優惠價＄3600。','ISHT01',1,'已下架','2018-01-29','2018-01-29','2018-02-28','2018-02-28',100,'/assets/activity/mission/02d46df76edb03125185f11c0408c495.jpg','台北巿南京東路三段303巷8弄9號','{\"Link\": null, \"Transportation\": null}',NULL),(45,'科迷俱樂部導讀會-全面啟動',1,'12:45-15:20《全面啟動》影片放映<br>睡眠，帶來一個無窮無盡夢境世界，甚至能夠被操作？<br><br>克里斯多福·諾蘭身兼編劇和導演，由李奧納多·狄卡皮歐主演的《全面啟動》，劇情複雜驚險，經由築夢師進入夢境操縱夢境竊取機密的歷程，設計出精巧的夢境層次與邏輯。除了跨全球壯麗的場景鋪陳外，其中牽涉許多睡眠、夢境、心智運作的知識，在清醒、睡眠與死亡之間，用鋪天蓋地的懸疑貫穿了全劇。<br><br><br><br>15:30-17:00《科學人》窺探心智特刊睡眠專章導讀<br>用科學研究的現況與前景，帶我們找出劇中的科學元素<br><br>科學家一直孜孜不倦的探索心智，了解主宰人類所知所想所做所為的心與腦。睡與醒之間、意識與潛意識之間、理性與感性之間、這一路演化而來的曼妙歷程，挑戰著科學家一路往前追尋不已。此次將主要以全面啟動的電影情節，帶出專書中第二單元睡與醒之間的討論。','ISHT01',1,'已下架','2018-01-29','2018-01-29','2018-02-01','2018-02-23',50,'/assets/activity/mission/ee5435a1ddb0e4ad0995f52d32a15a81.jpg','台北市羅斯福路四段１號','{\"Link\": null, \"Transportation\": null}',NULL),(46,'【阿薩布魯聊書會】台北社群讀書會',2,'【為什麼叫阿薩布魯聊書會呢？】<br><br>因為希望是跨領域的閱讀交流，不限閱讀分享同一本書籍，將選擇書這件事交回給個人自己，讓自己回歸為學習的主導者，運用交流的形式來進行多角度的思維交流，所以才叫阿薩布魯聊書會。<br><br>【進行的型態】<br><br>交流該主題相關話題為主，每月會制訂一個主題，依據該主題，主持人會分享一本相關書籍，然後參與朋友們可以依據分享結構的建議，輕鬆進行小組的輪流分享與交流。<br><br>【聊書的收穫】<br><br>吸收主持人分享該本書的精華。<br><br>更他人分享了解每個人對於相關主題的角度觀點、內容知識。<br><br>經由與他人分享表達將學習再一次整理內化。<br><br>認識喜歡閱讀學習的朋友。','ISHT01',1,'已下架','2018-01-29','2018-01-29','2018-02-02','2018-02-02',60,'/assets/activity/mission/d35c77251ffc3570cdafe328459d3f58.jpg','台北市大同區迪化街一段328號3樓','{\"Link\": \"https://www.youtube.com/watch?v=gvce2ywrSsI\", \"Transportation\": null}',NULL),(47,'【為你而讀】讀書會：會員卡/分享券-專屬方案',2,'【為你而讀】成立近兩年來，舉辦近250場閱讀相關活動，粉絲團人數超過20,000人，並將於2018年將邁入讀書會第100會。為回饋支持【為你而讀】的忠實朋友們，我們於2017年底開辦會員卡/分享券專屬方案，讓各位喜愛閱讀的朋友們能更自在地選擇，不限場次、無使用期限的優惠預購方案！ <br><br>透過閱讀，你可以學習和自己對話、更了解自己，你也可以學習如何和別人或你的老闆、客戶溝通；甚至透過閱讀，讓你可以知道未來的世界趨勢和產業變化，提早讓你搶先一步為未來做出準備。 ','ISHT01',1,'已下架','2018-01-29','2018-01-29','2018-02-05','2018-02-05',30,'/assets/activity/mission/828045c5024f0987a919a4b8d5189ac2.jpg','台北市大安區敦化南路一段188號7樓','{\"Link\": \"https://www.youtube.com/watch?v=8AbiM-dvNGs\", \"Transportation\": null}',NULL),(48,'《就想演戲》的第一堂表演課',2,' 從2016年夏天開始，由植劇場總監製王小棣主持，陸續播出《戀愛沙塵暴》、《荼蘼》、《姜老師，妳談過戀愛嗎》、《天黑請閉眼》、《積木之家》、《夢裡的一千道牆》、《花甲男孩轉大人》、《五味八珍的歲月》，並啟動素人海選，在短短一年多時間內，順利培育出24位「小Q演員」，接連參與這8齣戲的演出，更在第52屆金鐘獎奪得佳績！<br><br>KNOWING新聞在這段期間，陸續完成了24位小Q演員的深度專訪，透過文字忠實記錄他們走上表演之路的想法與初衷，希望讓讀者深入了解他們究竟是如何追尋夢想，不顧一切地「就想演戲」！KNOWING並於2017年底正式啟動《就想演戲》新媒體獨立出版計畫，在台灣影視產業面臨嚴峻挑戰與出版業面臨寒冬的氛圍中，我們依舊勇敢堅持理念與初心！<br><br>除了出版計畫，我們也將規劃一系列實體活動，透過《就想演戲的第一堂表演課》的舉行，與小Q們實際互動，更能深入體會小Q們在表演這條路上堅持「就想演戲」的﻿箇中滋味。包括從素人到演員將面臨的種種挑戰與必學技能，還有小Q們的親身分享，更有機會與小Q們實際對戲體驗，過過與專業演員對戲的癮。機會難得，您的參與，將是翻轉台灣戲劇界的重要拼圖！<br><br>','ISHT01',1,'已下架','2018-01-29','2018-01-29','2018-02-03','2018-02-02',100,'/assets/activity/mission/40bf67e77ba49abe009751662b7aecb5.jpg','台北市中正區中山南路21-1號','{\"Link\": \"https://www.youtube.com/watch?v=8AbiM-dvNGs\", \"Transportation\": null}',NULL),(49,'【阿薩布魯聊書會】第八場 02/06(二)《2018與未來-共讀未來年表》',3,'這是一場影響力驚人的「寧靜危機」，<br>　　沒有察覺的人，終將被它慢慢腐蝕。<br><br>　　「少子化」「高齡化」也許已經讓你聽到耳朵長繭，<br>　　但你可能不曾想過：它們將如何左右我們的未來？<br><br>　〈臺灣跟日本一樣，也在縮小、滅絕中──這本書是臺灣預言書，寫出了當政者不敢面對的真相〉　<br>       劉黎兒（資深媒體人及作家）<br>　　任何關心臺灣的人拿起這本書，一定會不斷點頭，因為這本書不僅是在寫日本，也是在寫臺灣。現在或未來在日本發生的每一件事，都是臺灣即將發生的；甚至有些現象，在出生率全世界最低的臺灣或許來的更快。日本在縮小、滅絕中，臺灣何嘗不是，或該說臺灣更是，這本書就是在預言臺灣！<br>　　對照本書就可看出，臺灣也在縮小，走向滅絕化；這不是唱衰臺灣，而是面對臺灣。現在政府所有的計畫都枉顧人口減少和超高齡化的現實，仍以人口增加為前提，制定錯誤的政策。也因此，比起日本人，臺灣人更應閱讀此書，唯有所有人都理解、面對臺灣的現實，才能阻止錯誤的政策走向；和日本相比，臺灣的少子化，也就是縮小、滅絕是更為急切的。<br>(以上書摘摘自博客來網站)<br><br>分享人：周育如<br>創思流負責人<br>阿薩布魯聊書會及兩岸商模研究社主持<br>曾任雄獅集團經營企劃室幕僚<br>曾任欣傳媒欣講堂、達人發展部主管<br>曾任亞太管顧公司講師培育發展主管及專案主管 ','ISHT01',1,'已下架','2018-01-29','2018-01-29','2018-02-05','2018-02-05',30,'/assets/activity/mission/1bd6ebf2b3691996e65db963f4505821.jpg','台北市中山區南京東路二段72號9樓','{\"Link\": null, \"Transportation\": \"台北市公車\"}',NULL),(50,'【為你而讀】第80會：第三波數位革命X逆轉勝就靠洞察力X3天改變體質的斷糖飲食',3,'今天的致勝規則，明天就被顛覆！今天的當紅產品，明天就成為被新產品打敗的庫存，在科技與產業動盪時代，業務人員不能只是銷售既有的產品線，更要具備參與新產品商業模式規劃與市場商機分析，再獲取訂單營收的「商業開發」能力。曾任職於微軟、VMware等資訊業18年，多次帶領團隊轉虧為盈的外商超業經理人蘇書平，教你運用國際商業開發方法論提升你的業績表現，讓公司飛速成長，也讓自己的職涯再創高峰，成為企業迫切延攬的超級MVP(最有價值專業人士)。 <br><br>更多資訊►https://www.yottau.com.tw/course/intro/503 ','ISHT01',1,'已下架','2018-01-29','2018-01-29','2018-02-05','2018-02-05',20,'/assets/activity/mission/a157f0e262e3daa709fd2b3418d1db62.jpg','台北市大安區敦化南路一段188號7樓','{\"Link\": null, \"Transportation\": \"火車\"}',NULL),(51,'【為你而讀】第81會：被討厭的勇氣 X 一個人的獲利模式 X 工作的真義',3,'書摘► <br><br>你是否曾經思考過以下問題： <br><br>「為何我總是重複著相同的生活模式，無法做出改變？」 <br><br>「為什麼自卑感總是伴隨著我，而且揮之不去？」 <br><br>「為什麼我總是活在他人的期待之下？不願勇敢做自己？」 <br><br>「為什麼別人看起來都很幸福？而我卻一點不感到幸福？」 <br><br> 如果你被以上問題困惑，卻探尋不著答案，那你應該認識「被討厭的勇氣」。本書榮獲日本2014年商業書大賞第三名，以及日本亞馬遜年度冠軍書，連續300天長踞暢銷榜，並獲選《經理人》雜誌2014年4月商管選書。本書的思想理論來自與佛洛依德、榮格齊名，併稱「心理學三巨頭」的自我啟發之父「阿德勒」；說書人Seven結合了NLP(神經語言程式學)及教練(自我探索)技法，讓你了解人是可以改變的，不僅如此，還可以變得幸福，並且跳脫自我框架，再現美好人生！ ','ISHT01',1,'已上架','2018-01-29','2018-01-29','2018-03-16','2018-03-23',50,'/assets/activity/mission/cfccdf220e03b606c5137130d2e43f26.jpg','台北市大安區敦化南路一段188號7樓','{\"Link\": null, \"Transportation\": \"公車\"}',NULL),(52,'【職涯私人教練2.0】履歷、面試升級UP',4,'你好，我是為你而讀執行長Steve，未來想要在職場『生存』進而『成長』，唯有改變自身的思考方式並開始學習「跨界」發展，才能在國際全球化的人才競爭中脫穎而出，所以我除了讓自己歷練過不同部門的主管外，自己也考了50張以上的國際IT資訊和商業認證，洋化自己在職場的競爭力。<br>為了縮短大家的學習曲線，我將整合我過去在外商8年和本土企業10年的服務經驗以及2年多的創業經驗，提供各位不一樣的1:1客製化職涯教練和履歷表與面試健診服務，透過實際的面試模擬和履歷表健檢，你可以更清楚自己在職場的優勢和劣勢，用更短的時間找到自己的生涯目標或方向。包含:','ISHT01',1,'已退回','2018-01-29','2018-01-29','2018-03-24','2018-02-05',50,'/assets/activity/mission/300b194c5fddaf1b89fc626d490b5726.jpg','台北市大安區敦化南路一段188號7樓','{\"Link\": null, \"Transportation\": null}',NULL),(53,'社群讀書引導術第四班',3,'社群讀書引導術課綱-心法+實戰<br>【讀書會2.0社群讀書的推動】<br>1.讀書會v.s.社群讀書<br><br>2.社群讀書的效益<br><br>【社群讀書會的組織建構與手法】<br>1.社群讀書的敗因解析<br><br>2.社群讀書的前置準備<br><br>3.第一次會議的流程(校準議程)<br><br>【社群讀書引導人的運作與技巧】<br>1.引導人的角色與職責<br><br>2.引導人的引導四步驟<br><br>3.引導人的九大技法與應用<br><br>【Rapid Reading社群讀書力量】<br>1.運用社群讀書發掘問題(心製圖)<br><br>2.運用社群讀書解決問題(曼陀羅)','ISHT01',1,'已下架','2018-01-29','2018-01-29','2018-02-05','2018-02-05',50,'/assets/activity/mission/5a81c0ed35666e522af009fe99ce1cb1.jpg','台北市中山區復興北路70號9樓之一','{\"Link\": null, \"Transportation\": \"火車\"}',NULL),(54,'《2018流年運勢分析》演講會',4,'啟動學習、開啟智慧，永遠都是您最有價值的投資。<br><br>人生的改變，就從聆聽一場能對人生帶來重要啟發的演講開始吧！<br><br>2018/02/01(四) 《2018流年運勢分析》演講會。 <br>有一種人，只要給他一點提醒，他就可以風生水起，確實是如此。<br>上課時間:晚間19:00-22:00<br><br>上課地點:《曾仕強文化》重慶教室(台北市重慶南路一段57號8樓之14)<br><br>洽詢電話:02-23611379','ISHT01',1,'已上架','2018-01-29','2018-01-29','2018-03-24','2018-02-05',50,'/assets/activity/mission/7c00f51f17fb86bd7472df1d175b1440.jpg','台北市重慶南路一段57號8樓之14','{\"Link\": null, \"Transportation\": null}',NULL),(55,'【Easee Globe X Boven】英文雜誌讀書會',4,'【Easee Globe X Boven】英文雜誌讀書會<br><br>『Airbnb』不是Air,Bed,and Breakfast！<br><br>Airbnb 以 C2C 模式，鼓勵全球的房東將自己獨立的房屋或房間通過日租的方式出租給旅人、商務人士等，全球191個國家6 萬多座的城市，在這麼多樣貌的host接待之下，不同種族、不同文化、不同價值觀，身為Airbnb房客，目的不就是要與host們做文化交流？你如何有限時間內，做深度文化體驗？<br><br>到異地住宿、旅遊，除了認識新文化，如何精準表達自我文化、甚至是台灣的價值？<br><br>Airbnb共同創辦人Brian Chesky 2007當年，身上只剩1000美金的銀行存款，到去年 9 月融資後，Airbnb 估值 300 億美元。在個性化生活與共享經濟這一輪網路新浪潮面前，Airbnb 無疑是其中湧得最高、最耀眼的一支浪，到底如何辦到？<br><br>這次雜誌讀書會邀請到以熙國際CEO Madeleine來和大家一起討論Airbnb的品牌經營之路，如何以西方思維打破傳統框架、打國際市場，創造商業價值！<br><br><br><br>時間：2018 年 2月 2 日（五）20:00～22:00（19:00開放入場）<br>費用：$500 /人，$800/ 2人<br>人數：滿 10人開課<br>地點：Boven 雜誌圖書館 （台北市大安區復興南路一段107巷5弄18號B1）<br>電話：02-2778-7526<br><br>','ISHT01',1,'已下架','2018-01-29','2018-01-29','2018-02-05','2018-02-05',30,'/assets/activity/mission/9bf5ef9de55375229bb3d826dfb0331f.jpg','台北市大安區復興南路一段107巷5弄18號B1','{\"Link\": null, \"Transportation\": null}',NULL),(56,'【RFY生活學院】4月份早餐讀書會 - FIND YOUR WHY',5,'《Find Your Why》接續暢銷書《先問，為什麼？》的黃金圈理論，教你如何更佳地應用，於工作中找到更多靈感，並反過來啟發周遭的人事物！ <br>作者賽門‧西奈克，相信成就感是一種權利而非特權。每個人都被賦予早晨醒來點燃一天工作鬥志的能力，在有安全感的工作崗位上，最後滿足地回到家結束一天。由精確理解我們「為什麼」做這些事的動機與原因，來達成那種滿足的成就感、激勵自我持續走下去的熱情和動能。 <br>隨著黃金圈理論紅遍世界，更進一步思考，該如何應用《先問，為什麼？》知識在個人事業、團隊、公司甚至非營利事業中？《Find Your Why》將解答每個不同階段的詳細練習、圖解與行動步驟，協助你定位所有大小要事，例如： <br>●如果我的動機和競爭對手一樣？ <br><br>●我可以擁有多個動機嗎？ <br><br>●如果我的工作和動機不符，我該怎麼做？ <br><br>●如果我的團隊不苟同我們的目標與動機？ <br><br>不論你是社會新鮮人、團隊領導者、或是公司執行長，透過本書的練習，將幫助你走向成功之路及完成人生使命。 <br><br><br>活動優惠▶250元票價含一杯咖啡或紅茶','ISHT01',1,'已上架','2018-01-29','2018-01-29','2018-03-30','2018-02-05',30,'/assets/activity/mission/ca22abe47478313a6c747d1393f20259.jpg','台北市大安區安和路一段127巷29弄5號','{\"Link\": null, \"Transportation\": null}',NULL),(57,'【科技商學院】3月份趨勢讀書會 - 麻省理工學院的系統思考術',5,'當跨界競爭變成常態，我們需要以另外一種解決問題的思考訓練模式，才能讓我們在未來的商業世界看清楚問題的本質。目前系統動力學和策略學已經成為目前美國和大陸最火熱的顯學，甚至也慢慢成為未來青少年教育的重點科目，而這本書源自MIT史隆管理學院的系統動力學！教你擺脫思考慣性，看穿事物表象，任何棘手問題都能迎刃而解！  <br><br>在競爭激烈的職場上，當遇到問題時，你以為你認真思考過了，為什麼想出來的策略還是解決不了問題？  <br>因為，思考慣性阻礙了你，讓你看不清問題的「本質」！眼睛所看得到的，只是問題的結果，而非原因；誤把結果當原因，不管你蒐集多少資料、花多少時間思考，也無法找到正確的解決方法。  <br><br>例如，某商品銷量衰退時，錯把結果當原因的人，只會想到趕快下折扣促銷。  <br>懂得「本質思考」的人，則會追根究柢找到問題的源頭：如果是因為「商品已不符市場所需」，應該採取盡快開發新產品；如果是「市場已臻成熟」，該重視的應該是利潤，而非營業額；如果是「商品含有瑕疵」，則日後需負起回收或維修之責。<br><br>同一個問題，有這麼多不同的解決方法，因此你需要「本質思考」，──探究眼前現象是由哪些因素、在多長的時間裡、以怎樣的方式形成的，才能找到問題的真正根源和改變現象的關鍵！   ','ISHT01',1,'已上架','2018-01-29','2018-01-29','2018-03-09','2018-02-05',50,'/assets/activity/mission/8c13b101c61e513798cebfd0d251ad8d.jpg','台北市大安區敦化南路一段188號7樓','{\"Link\": null, \"Transportation\": null}',NULL),(58,'NLP讀懂你的心_假日版',5,'這一夜挑燈<br><br>為的是相互學習交流的意義<br><br>我們想藉著優勢訴說自己<br><br>我們想分享覺知提醒自己<br><br>我們想陪你讀懂自己的意識<br><br>我們想無止盡的探索與學習<br><br>這一夜精彩<br><br>為的是理解我們內在小孩的可愛<br><br><br>為的是～解開心中的疑惑<br><br>為的是～理性背後的故事<br><br>為的是～助益當下的覺察<br><br>來這裡～你是安全的。我是開放的<br><br><br><br>。樂觀積極的心境<br><br>。自由發揮的創意<br><br>。直覺力的超練習<br><br>你只需要帶著你的疑惑、堪憂和困點<br><br>我們一起來釐清思緒<br><br>梳理你的煩憂<br><br>減輕你的心壓～做你自己<br><br>充實彼此兩小時的能量滿滿<br><br>在這裡，你是安全的，你可以是你！','ISHT01',1,'已上架','2018-01-29','2018-01-29','2018-03-30','2018-02-05',100,'/assets/activity/mission/6c0386e312fef2c21f24d0144903f242.jpg','台北市中山區復興北路2號8樓之5','{\"Link\": null, \"Transportation\": null}',NULL),(59,'【科技商學院】無差別流風格簡報工作坊 - 6堂課優惠套票',5,'各位好我是為你而讀Steve，在商業上常會遇到的工作挑戰就是如何做出讓客戶買單的銷售或行銷簡報，在公司內部則面臨如何提出讓老闆和同事都買單的企畫案或商業計劃。做簡報最大的目的就是要說服你的聽眾採去行動，如果你的簡報做得太簡單沒有細節，客戶可能會覺得你不用心或者不專業，他就不想和你購買你公司的產品或服務，因為客戶覺得你不了解我。如果你的簡報做得太花俏沒有重點，老闆可能覺得你不知所云，因為我時間有限。那到底該如何做出一份好的簡報呢?<br><br>另外我們在職場上都會換工作，如果你是從事銷售行銷的工作，你有可能會換客戶或換市場，如果你在一家公司待了一段時間你也會往上晉升，這時候你的簡報對象可能會是總經理或國外老闆，甚至還需要用英文簡報，所以隨著不同的工作年資和經驗，你所要面對的簡報對象都會不一樣，所以隨時訓練自己換位簡報思考很重要。<br><br>大家也都知道，簡報最痛苦的部份就是準備資料，花了很多時間收集完資料了，但如何才能透過有邏輯的架構，讓你想溝通的對象聽得下去呢? 或者另外一種常見狀況，就像我過去二十年的工作經驗一樣，客戶突然只有給你三天的時間準備對他們公司的簡報提案企劃，但是你從客戶那邊得到的資訊卻不完整且非常破碎，那你如何在這麼短的時間蒐集到對的資訊，透過有系統有組織的方式設計你的簡報。所以簡報就有點像是在準備料理一樣，你必須花很多時間準備食材和調味料，才能面面俱到最後，但有時候你有會遇到食材不夠的問題，如何根據要吃的對象決定你的料理手法。如果吃飯的對象是一個健康比較差的家人，料理的目的在於提供一盤健康的料理給你的人家人，所以料理的手法必須低油少鹽。如果你的目的是宴請客人，也許你必須綜合煎、煮、炒、炸不同料理手法端出一套令人驚艷的家常私房菜。所以準備簡報就像在準備食譜一樣，你必須針對不同的對象決定你蒐集到的簡報素材該如何整理，在這風格簡報工作坊中，我會帶大家一起透過6個晚上結合這6本書，學習各家不一樣的簡報思考邏輯。<br><br>這堂課大家可以學到三個工作上最重要的簡報技巧<br><br>1. 如何快速準備你的簡報素材<br><br>2. 如何快速設計你的簡報架構<br><br>3. 如何有效表達你的簡報資料<br><br>','ISHT01',1,'已上架','2018-01-29','2018-01-29','2018-03-17','2018-02-05',150,'/assets/activity/mission/ebec82162387a5dd4b1b9ae3a8ead41c.jpg','台北市大安區安和路一段127巷29弄5號 ','{\"Link\": null, \"Transportation\": null}',NULL),(60,'【科技商學院】2月份風格簡報工作坊 - 哈佛的視覺圖表術',6,'《哈佛商業評論》資料視覺化專家史考特．貝里納托提出，視覺化已成為世界的共通語言，資料圖表也是最有效率、最有說服力的溝通工具，更是每個人最該學，也最該必備的新語言與技能，你可以不必說一句話就能讓人秒懂，但該怎麼做？ 在這場讀書會我們會帶大家知道各種製作圖表簡報的工作和技巧。<br><br>如何做出一張高說服力的好圖表─<br><br>分享大綱<br><br><br>◎什麼是做出好圖表的兩個問題和四種簡報思考象限： <br>1. 這是屬於「概念」或「數據」的資訊？ <br>2. 我是要「陳述」或「探索」某件事情？ <br><br><br>◎ 除了Excel，還有哪些視覺化工具可以製作圖表？ <br>除了各種圖表類型，我們還會教你書中列舉的19個視覺化工具幾種做法，幫你分析你的圖表優缺點','ISHT01',1,'已上架','2018-01-29','2018-01-29','2018-03-09','2018-02-05',50,'/assets/activity/mission/2cfeef56f2da62b05c7b4049fd7baa1b.jpg','台北市大安區安和路一段127巷29弄5號','{\"Link\": null, \"Transportation\": null}',NULL),(61,'〈新月．電影院〉高更：愛在他鄉 - 電影欣賞及名家導讀！',6,'新月與佳映娛樂合作，自二月份起，將不定期推薦優質的藝術或人文類電影給新月的好友們！<br><br>2/10(六) 第一場要推廌給大家的是，目前正在台灣電影院上映的：後印象派畫家 - 高更的傳記電影「高更：愛在他鄉」( 輔15級：須年滿15歲才能觀看 )<br><br>同時，我們也邀請到旅居法國近20年的法國國家藝術導覽員 - 黃忠勤Kanzai Huang老師，來為大家做映前的導賞！<br><br>若您已經進電影院看過，但沒看懂或對高更仍不瞭解、或是很想看但還沒來得及看……，都歡迎到新月，隨著名家的導讀，您將更能深刻體會這部傳紀電影所要傳達的精髓！ 名額只有30位，敬請把握難得的機會！<br><br> <br><br>【講師】黃忠勤／法國國家藝術導覽員、大學助理教授<br><br>【時間】2/10(六) 下午14:00-16:30<br><br>【洽詢】(02)2571-3740 蔡小姐／謝小姐','ISHT01',1,'已下架','2018-01-29','2018-01-29','2018-02-23','2018-02-05',100,'/assets/activity/mission/ec38a6454cc6d95d9ffc74a09be7bea4.jpg','台北市中山北路一段33巷20弄2號 ','{\"Link\": null, \"Transportation\": null}',NULL),(62,'【科技商學院】金融財會資料分析師基礎先修班',6,'微軟 Power BI 是一套國內外很流行的數據分析工具，它可以快速連接數以萬計的資料來源、快速簡化你的資料準備時間協助你產生工作需要的工作報表，讓你可以在 Web 上或你自己的手機之間使用。 <br><br> <br><br>你也可以從國外最新的未來工作研究報告或台灣大企業的職缺發現，「資料分析師」是未來最HOT的工作之一！平均薪水最高可到260萬台幣，本堂課將教你如何利用報表工具以挑戰更高薪水。<br><br>這堂課我們將帶你透過Excel的Power BI，來學習如何透過數據分析和視覺化報表進入資料分析師的第一步。Power BI是一套由Microsoft推出的商務分析報表工具，搭配工作上每天都需要的Excel試算表，你可以快速從一堆數據資料中挖掘出有意義的資訊，幾分鐘內就幫你做出視覺效果絕佳的出色報表，讓你的老闆和客戶刮目相看！ <br><br><br><br>我們科技學商院的教學宗旨在培養更多台灣跨領域的人才，所以本課程將結合數位資訊、商業管理和金融財務3種領域的專業知識，培養你在職場的競爭力。 <br><br><br><br>這堂課我們希望讓你上完課具備三個未來職場重要的能力<br><br>1. 如何培養自己用商業和財務的思考做數字分析 (數字分析力)<br><br>2. 利用國外最流行的數據分析工具快速美化你的工作報表 (數據報表力)<br><br>3. 培養看財務報表的問題分析能力 (財務分析力)','ISHT01',1,'已上架','2018-01-29','2018-01-29','2018-03-10','2018-02-05',50,'/assets/activity/mission/edab6e1716a3f09bce73e55d4cc4791e.jpg','台北市大安區敦化南路一段188號7樓','{\"Link\": null, \"Transportation\": null}',NULL),(63,'陪你閱讀一本書──主軸三：從親子關係的創傷與陰影走向溝通與連結',1,'從親子關係的創傷與陰影走向溝通與連結<br><br><br>親子關係，是每個人一生中最初、最重要，也是最核心的關係；其餘的關係，往往是親子關係的擴張複演。而每位父母，都曾經是個孩子，也始終具有孩子的身分。<br><br> <br><br>這是往往容易被忽略的盲點：即使年歲已高，生兒育女，建立新的家庭，我們都曾經歷過童年的成長過程，也與我們的父母維持「親子關係」。因此，孩子在成長過程中所受過的創傷，和面臨的陰影，並不代表身為父母的成人就不會有。<br><br> <br><br>甚至許多的父母都是帶著童年的傷的大人，內在都還有一個受傷的孩子。並且不自覺地，將這樣的傷和親子關係中所受過的陰影，都投射在孩子身上。<br><br> <br><br>像是總是為孩子塞滿課程、逼學各種才藝，無視孩子的體力與喜好，只丟一句：我都是為你好，你將來就會感謝我！這完全是出於自身的匱乏心理，細究之後會發現，這往往是父母當年未曾完成的夢想和渴望，或者在與他人比較競逐的過程中，感到不及他人的自卑部分——並不是真的跟孩子有關，孩子也無法真心感受到愛，理所當然地會產生反抗的心理。諸多的爭執、情感與觀念的斷層由是而生。<br><br> <br><br>在這樣未曾細察覺知的創傷和陰影底下複演的親子關係，並不會有真正的溝通，更不用說是全心對全心的親密連結。<br><br> <br><br>因此，我們設計一系列的閱讀課程，從幾部關於親子關係、創傷與陰影的重要著作的閱讀中，一步一步引領各位了解親子關係中的創傷是如何形成？親子關係中有哪些常被忽略不見的陰影面？這些創傷與陰影如何反映著內在底層的真實渴望？從明白自身，走向照見彼此，融化關係中凍結的冰層，使關係恢復流動溝通，進而重建親密連結。<br><br> <br><br>我們將從家族治療泰斗薩提爾（Virginia Satir）女士的集大成之作《薩提爾的家族治療模式》開始閱讀，深入探討她對家庭、親子、個人的精闢見解，以及她著名的幾個學說，如求生姿態（應對姿態）、內在冰山、面貌舞會等。分成八大部分：<br><br>  <br><br><br>3/04 (日) 第一部分 原始關係的建立：最初的三角關係，「我是我」的認知<br>3/11 (日) 第二部分 求生存姿態的起源與演變：從童年開始發展的自我保護<br><br>3/18 (日) 第三部分 自我的探索：如何覺知自己、如何跨越僵固的自我界線？<br>4/01 (日) 第四部分 轉化的歷程：內在冰山的6個層次<br>4/08 (日) 第五部分 找回你的內在資源：面貌舞會<br>4/15 (日) 第六部分 重新認識你的家庭：家庭雕塑與重塑<br>4/22 (日) 第七部分 重新整合你自己：自我雕塑與重塑<br>4/29 (日) 第八部分 走向療癒的工具與方法：薩提爾女士的建議','ISHT01',1,'已下架','2018-01-29','2018-01-29','2018-02-28','2018-02-01',50,'/assets/activity/mission/eb919b3f1545e7345999d9011eca0cb2.jpg','台北市大安區新生南路三段16-1號2樓','{\"Link\": null, \"Transportation\": null}',NULL),(64,'天地人學堂：會計師教您認識及閱讀財務報表',1,'透過財務數據擬定公司運作方向<br>企業負責人、中高階主管、創業老闆，面對企業經營時，常有以下問題：明明公司業績很好有賺錢，但卻不知錢去哪裡了？營收有了大幅度成長，為何資金仍舊短缺？為何向銀行貸款卻被拒絕？透過解讀財報就有辦法跟銀行爭取融資嗎？若公司財務吃緊，有哪些開支可以削減？又或者如何得知哪些產品獲利最少？天地人文創旗下天地人學堂特地規劃出「會計師教您如何讀財務報表」課程，邀請到莊世金會計師前來授課，讓非財務會計背景出身的您，也能透過讀懂財務報表解決以上問題，且有辦法架構及取得公司財務報表，並理解報表中的數字意義，最終透過財務數字分析為公司做出有用決策。<br><br>財報上的數字到底代表什麼意義？<br>每一間公司都應該要有完整的財務報表，而若想評估一間公司的表現，也可以透過財報數據分析判斷，像是透過資產負債表，將能夠了解一間公司擁有些什麼與積欠了什麼？損益表則能夠了解公司在某一段時間內是否賺錢？而淨利則是最直接的公司營運績效指標。除此之外，還有現金流量、資產報酬率等數據，若能瞭解其中代表的意義，將能夠完整透徹掌握公司財務全貌。','THCT01',2,'已下架','2018-01-29','2018-01-29','2018-02-16','2018-02-01',30,'/assets/activity/mission/42434af5b400501302c7f8f53396af29.jpg','台北市中正區齊東街74號','{\"Link\": null, \"Transportation\": null}',NULL),(65,'【喜閱樹Ｘ台灣工藝美術學校Ｘ未來少年】台灣工藝之旅冬令營',1,'「為何是工藝？」<br><br>「因為它象徵著人類的物質文明，工藝品正是我們所使用的器物。可是在工業革命以後，許多工業產品所使用的物質，不但危害我們的人體健康，更危害我們的環境。然而傳統工藝所使用的都是天然材質，將天然材質做成器物，不正是符合健康又環保的做法嗎？所以關注於工藝教育和產業是我關懷這個世界的一種方式。」河邊生活老闆暨台灣工藝美術學校創辦人 陳明輝先生如是說。<br><br>「那你覺得可以用怎樣的方式帶孩子進入工藝教育中呢？」<br><br>「用近似閱讀的方式。只是我們的閱讀文本不只是這些工藝的基本知識，我們還要能讓孩子動手作，用手學，將知識與生活體驗充分結合。」<br><br> <br><br>秉持這樣的初心，喜閱樹運用未來少年《潮農村，酷手藝》的雜誌文本，結合台灣工藝美術學校豐厚的台灣工藝資源，舉辦2018《台灣工藝之旅》冬令營，渴望孩子們一同來跨界閱讀，用心也動手，瞭解台灣工藝之美，迎向一個兼具美感與環保的物質文明。','THCT01',2,'已下架','2018-01-29','2018-01-29','2018-03-01','2018-02-28',150,'/assets/activity/mission/5807dee7e9201098cff4cc1f4ca010b2.jpg','台北市大安區新生南路三段16-1號3樓','{\"Link\": null, \"Transportation\": null}',NULL),(66,'鄭治桂【羅浮宮繪畫十講—閱讀歐洲繪畫藝術】',1,'新的一年，藝集也帶來新一系列的藝術講座，讓我們跟著鄭治桂老師學習藝術知識，浸淫在老師所帶來的藝術經驗感受，我們慢下腳步，閱讀藝術、閱讀美的事物，進一步內化成為屬於自己的東西，說不定能看見平易生活中更多美好事物。<br><br>上至公元前七世紀、下至19世紀中期的42萬件典藏，由鄭治桂老師將帶領我們一窺羅浮宮典藏中繪畫藝術的經典、藝術史和藝術價值，見證整個歐洲繪畫藝術，從現代文明起點——文藝復興，到德國、荷蘭、法蘭德斯等北方歐洲繪畫的典藏，歷經了華麗絢爛的巴洛克影響而後有洛可可貴族式的風格、後論及法國浪漫主義與新古典主義的法國繪畫，看盡歐洲藝術風格演變和藝術傑作，讓國內著名藝評家——鄭治桂帶領我們踏上優雅的藝術之旅，遊歷其中，飽覽經典。<br><br>_<br>鄭治桂老師導覽羅浮宮<br>ℳ「羅浮宮的歐洲繪畫」 2/23, 3/2, 9, 23, 30, 4/6<br>2/23- 義大利繪畫-I (Peinture italienne)<br>3/2 - 義大利繪畫-II (Peinture italienne)<br>3/9 - 北方繪畫 – 法蘭德斯/荷蘭(Peinture du Nord)<br>3/23- 德國繪畫(Peinture allemande)<br>3/30- 西班牙繪畫 (Peinture espagnole)<br>4/6 - 英國繪畫(Peinture anglaise)<br>ℳ「羅浮宮的法國繪畫」5/11, 5/18, 5/25, 6/1<br>5/11- 古典時期(Peinture française - Classique )<br>5/18- 巴洛克(Peinture française - Baroque)<br>5/25- 洛可可(Peinture française - Rococo)<br>6/1 - 新古典/浪漫(Peinture française - Neo-classicisme / Romantisme)<br><br>單堂400，2/14號前全報優惠價＄3600。','THCT01',2,'已下架','2018-01-29','2018-01-29','2018-02-28','2018-02-28',100,'/assets/activity/mission/02d46df76edb03125185f11c0408c495.jpg','台北巿南京東路三段303巷8弄9號','{\"Link\": null, \"Transportation\": null}',NULL),(67,'科迷俱樂部導讀會-全面啟動',1,'12:45-15:20《全面啟動》影片放映<br>睡眠，帶來一個無窮無盡夢境世界，甚至能夠被操作？<br><br>克里斯多福·諾蘭身兼編劇和導演，由李奧納多·狄卡皮歐主演的《全面啟動》，劇情複雜驚險，經由築夢師進入夢境操縱夢境竊取機密的歷程，設計出精巧的夢境層次與邏輯。除了跨全球壯麗的場景鋪陳外，其中牽涉許多睡眠、夢境、心智運作的知識，在清醒、睡眠與死亡之間，用鋪天蓋地的懸疑貫穿了全劇。<br><br><br><br>15:30-17:00《科學人》窺探心智特刊睡眠專章導讀<br>用科學研究的現況與前景，帶我們找出劇中的科學元素<br><br>科學家一直孜孜不倦的探索心智，了解主宰人類所知所想所做所為的心與腦。睡與醒之間、意識與潛意識之間、理性與感性之間、這一路演化而來的曼妙歷程，挑戰著科學家一路往前追尋不已。此次將主要以全面啟動的電影情節，帶出專書中第二單元睡與醒之間的討論。','THCT01',2,'已下架','2018-01-29','2018-01-29','2018-02-01','2018-02-23',50,'/assets/activity/mission/ee5435a1ddb0e4ad0995f52d32a15a81.jpg','台北市羅斯福路四段１號','{\"Link\": null, \"Transportation\": null}',NULL),(68,'【阿薩布魯聊書會】台北社群讀書會',2,'【為什麼叫阿薩布魯聊書會呢？】<br><br>因為希望是跨領域的閱讀交流，不限閱讀分享同一本書籍，將選擇書這件事交回給個人自己，讓自己回歸為學習的主導者，運用交流的形式來進行多角度的思維交流，所以才叫阿薩布魯聊書會。<br><br>【進行的型態】<br><br>交流該主題相關話題為主，每月會制訂一個主題，依據該主題，主持人會分享一本相關書籍，然後參與朋友們可以依據分享結構的建議，輕鬆進行小組的輪流分享與交流。<br><br>【聊書的收穫】<br><br>吸收主持人分享該本書的精華。<br><br>更他人分享了解每個人對於相關主題的角度觀點、內容知識。<br><br>經由與他人分享表達將學習再一次整理內化。<br><br>認識喜歡閱讀學習的朋友。','THCT01',2,'已下架','2018-01-29','2018-01-29','2018-02-02','2018-02-02',60,'/assets/activity/mission/d35c77251ffc3570cdafe328459d3f58.jpg','台北市大同區迪化街一段328號3樓','{\"Link\": \"https://www.youtube.com/watch?v=8AbiM-dvNGs\", \"Transportation\": null}',NULL),(69,'【為你而讀】讀書會：會員卡/分享券-專屬方案',2,'【為你而讀】成立近兩年來，舉辦近250場閱讀相關活動，粉絲團人數超過20,000人，並將於2018年將邁入讀書會第100會。為回饋支持【為你而讀】的忠實朋友們，我們於2017年底開辦會員卡/分享券專屬方案，讓各位喜愛閱讀的朋友們能更自在地選擇，不限場次、無使用期限的優惠預購方案！ <br><br>透過閱讀，你可以學習和自己對話、更了解自己，你也可以學習如何和別人或你的老闆、客戶溝通；甚至透過閱讀，讓你可以知道未來的世界趨勢和產業變化，提早讓你搶先一步為未來做出準備。 ','THCT01',2,'已下架','2018-01-29','2018-01-29','2018-02-05','2018-02-05',30,'/assets/activity/mission/828045c5024f0987a919a4b8d5189ac2.jpg','台北市大安區敦化南路一段188號7樓','{\"Link\": \"https://www.youtube.com/watch?v=8AbiM-dvNGs\", \"Transportation\": null}',NULL),(70,'《就想演戲》的第一堂表演課',2,' 從2016年夏天開始，由植劇場總監製王小棣主持，陸續播出《戀愛沙塵暴》、《荼蘼》、《姜老師，妳談過戀愛嗎》、《天黑請閉眼》、《積木之家》、《夢裡的一千道牆》、《花甲男孩轉大人》、《五味八珍的歲月》，並啟動素人海選，在短短一年多時間內，順利培育出24位「小Q演員」，接連參與這8齣戲的演出，更在第52屆金鐘獎奪得佳績！<br><br>KNOWING新聞在這段期間，陸續完成了24位小Q演員的深度專訪，透過文字忠實記錄他們走上表演之路的想法與初衷，希望讓讀者深入了解他們究竟是如何追尋夢想，不顧一切地「就想演戲」！KNOWING並於2017年底正式啟動《就想演戲》新媒體獨立出版計畫，在台灣影視產業面臨嚴峻挑戰與出版業面臨寒冬的氛圍中，我們依舊勇敢堅持理念與初心！<br><br>除了出版計畫，我們也將規劃一系列實體活動，透過《就想演戲的第一堂表演課》的舉行，與小Q們實際互動，更能深入體會小Q們在表演這條路上堅持「就想演戲」的﻿箇中滋味。包括從素人到演員將面臨的種種挑戰與必學技能，還有小Q們的親身分享，更有機會與小Q們實際對戲體驗，過過與專業演員對戲的癮。機會難得，您的參與，將是翻轉台灣戲劇界的重要拼圖！<br><br>','THCT01',2,'已下架','2018-01-29','2018-01-29','2018-02-03','2018-02-02',100,'/assets/activity/mission/40bf67e77ba49abe009751662b7aecb5.jpg','台北市中正區中山南路21-1號','{\"Link\": \"https://www.youtube.com/watch?v=8AbiM-dvNGs\", \"Transportation\": null}',NULL),(71,'【阿薩布魯聊書會】第八場 02/06(二)《2018與未來-共讀未來年表》',3,'這是一場影響力驚人的「寧靜危機」，<br>　　沒有察覺的人，終將被它慢慢腐蝕。<br><br>　　「少子化」「高齡化」也許已經讓你聽到耳朵長繭，<br>　　但你可能不曾想過：它們將如何左右我們的未來？<br><br>　〈臺灣跟日本一樣，也在縮小、滅絕中──這本書是臺灣預言書，寫出了當政者不敢面對的真相〉　<br>       劉黎兒（資深媒體人及作家）<br>　　任何關心臺灣的人拿起這本書，一定會不斷點頭，因為這本書不僅是在寫日本，也是在寫臺灣。現在或未來在日本發生的每一件事，都是臺灣即將發生的；甚至有些現象，在出生率全世界最低的臺灣或許來的更快。日本在縮小、滅絕中，臺灣何嘗不是，或該說臺灣更是，這本書就是在預言臺灣！<br>　　對照本書就可看出，臺灣也在縮小，走向滅絕化；這不是唱衰臺灣，而是面對臺灣。現在政府所有的計畫都枉顧人口減少和超高齡化的現實，仍以人口增加為前提，制定錯誤的政策。也因此，比起日本人，臺灣人更應閱讀此書，唯有所有人都理解、面對臺灣的現實，才能阻止錯誤的政策走向；和日本相比，臺灣的少子化，也就是縮小、滅絕是更為急切的。<br>(以上書摘摘自博客來網站)<br><br>分享人：周育如<br>創思流負責人<br>阿薩布魯聊書會及兩岸商模研究社主持<br>曾任雄獅集團經營企劃室幕僚<br>曾任欣傳媒欣講堂、達人發展部主管<br>曾任亞太管顧公司講師培育發展主管及專案主管 ','THCT01',2,'已下架','2018-01-29','2018-01-29','2018-02-05','2018-02-05',30,'/assets/activity/mission/1bd6ebf2b3691996e65db963f4505821.jpg','台北市中山區南京東路二段72號9樓','{\"Link\": null, \"Transportation\": \"台北市公車\"}',NULL),(72,'【為你而讀】第81會：被討厭的勇氣 X 一個人的獲利模式 X 工作的真義',3,'書摘► <br><br>你是否曾經思考過以下問題： <br><br>「為何我總是重複著相同的生活模式，無法做出改變？」 <br><br>「為什麼自卑感總是伴隨著我，而且揮之不去？」 <br><br>「為什麼我總是活在他人的期待之下？不願勇敢做自己？」 <br><br>「為什麼別人看起來都很幸福？而我卻一點不感到幸福？」 <br><br> 如果你被以上問題困惑，卻探尋不著答案，那你應該認識「被討厭的勇氣」。本書榮獲日本2014年商業書大賞第三名，以及日本亞馬遜年度冠軍書，連續300天長踞暢銷榜，並獲選《經理人》雜誌2014年4月商管選書。本書的思想理論來自與佛洛依德、榮格齊名，併稱「心理學三巨頭」的自我啟發之父「阿德勒」；說書人Seven結合了NLP(神經語言程式學)及教練(自我探索)技法，讓你了解人是可以改變的，不僅如此，還可以變得幸福，並且跳脫自我框架，再現美好人生！ ','THCT01',2,'已上架','2018-01-29','2018-01-29','2018-03-16','2018-03-23',50,'/assets/activity/mission/cfccdf220e03b606c5137130d2e43f26.jpg','台北市大安區敦化南路一段188號7樓','{\"Link\": null, \"Transportation\": \"公車\"}',NULL),(73,'【職涯私人教練2.0】履歷、面試升級UP',4,'你好，我是為你而讀執行長Steve，未來想要在職場『生存』進而『成長』，唯有改變自身的思考方式並開始學習「跨界」發展，才能在國際全球化的人才競爭中脫穎而出，所以我除了讓自己歷練過不同部門的主管外，自己也考了50張以上的國際IT資訊和商業認證，洋化自己在職場的競爭力。<br>為了縮短大家的學習曲線，我將整合我過去在外商8年和本土企業10年的服務經驗以及2年多的創業經驗，提供各位不一樣的1:1客製化職涯教練和履歷表與面試健診服務，透過實際的面試模擬和履歷表健檢，你可以更清楚自己在職場的優勢和劣勢，用更短的時間找到自己的生涯目標或方向。包含:','THCT01',2,'已上架','2018-01-29','2018-01-29','2018-03-24','2018-02-05',50,'/assets/activity/mission/300b194c5fddaf1b89fc626d490b5726.jpg','台北市大安區敦化南路一段188號7樓','{\"Link\": null, \"Transportation\": null}',NULL),(74,'社群讀書引導術第四班',3,'社群讀書引導術課綱-心法+實戰<br>【讀書會2.0社群讀書的推動】<br>1.讀書會v.s.社群讀書<br><br>2.社群讀書的效益<br><br>【社群讀書會的組織建構與手法】<br>1.社群讀書的敗因解析<br><br>2.社群讀書的前置準備<br><br>3.第一次會議的流程(校準議程)<br><br>【社群讀書引導人的運作與技巧】<br>1.引導人的角色與職責<br><br>2.引導人的引導四步驟<br><br>3.引導人的九大技法與應用<br><br>【Rapid Reading社群讀書力量】<br>1.運用社群讀書發掘問題(心製圖)<br><br>2.運用社群讀書解決問題(曼陀羅)','THCT01',2,'已下架','2018-01-29','2018-01-29','2018-02-05','2018-02-05',50,'/assets/activity/mission/5a81c0ed35666e522af009fe99ce1cb1.jpg','台北市中山區復興北路70號9樓之一','{\"Link\": null, \"Transportation\": \"火車\"}',NULL),(75,'《2018流年運勢分析》演講會',4,'啟動學習、開啟智慧，永遠都是您最有價值的投資。<br><br>人生的改變，就從聆聽一場能對人生帶來重要啟發的演講開始吧！<br><br>2018/02/01(四) 《2018流年運勢分析》演講會。 <br>有一種人，只要給他一點提醒，他就可以風生水起，確實是如此。<br>上課時間:晚間19:00-22:00<br><br>上課地點:《曾仕強文化》重慶教室(台北市重慶南路一段57號8樓之14)<br><br>洽詢電話:02-23611379','THCT01',2,'已上架','2018-01-29','2018-01-29','2018-03-24','2018-02-05',50,'/assets/activity/mission/7c00f51f17fb86bd7472df1d175b1440.jpg','台北市重慶南路一段57號8樓之14','{\"Link\": null, \"Transportation\": null}',NULL),(76,'【Easee Globe X Boven】英文雜誌讀書會',4,'【Easee Globe X Boven】英文雜誌讀書會<br><br>『Airbnb』不是Air,Bed,and Breakfast！<br><br>Airbnb 以 C2C 模式，鼓勵全球的房東將自己獨立的房屋或房間通過日租的方式出租給旅人、商務人士等，全球191個國家6 萬多座的城市，在這麼多樣貌的host接待之下，不同種族、不同文化、不同價值觀，身為Airbnb房客，目的不就是要與host們做文化交流？你如何有限時間內，做深度文化體驗？<br><br>到異地住宿、旅遊，除了認識新文化，如何精準表達自我文化、甚至是台灣的價值？<br><br>Airbnb共同創辦人Brian Chesky 2007當年，身上只剩1000美金的銀行存款，到去年 9 月融資後，Airbnb 估值 300 億美元。在個性化生活與共享經濟這一輪網路新浪潮面前，Airbnb 無疑是其中湧得最高、最耀眼的一支浪，到底如何辦到？<br><br>這次雜誌讀書會邀請到以熙國際CEO Madeleine來和大家一起討論Airbnb的品牌經營之路，如何以西方思維打破傳統框架、打國際市場，創造商業價值！<br><br><br><br>時間：2018 年 2月 2 日（五）20:00～22:00（19:00開放入場）<br>費用：$500 /人，$800/ 2人<br>人數：滿 10人開課<br>地點：Boven 雜誌圖書館 （台北市大安區復興南路一段107巷5弄18號B1）<br>電話：02-2778-7526<br><br>','THCT01',2,'已下架','2018-01-29','2018-01-29','2018-02-05','2018-02-05',30,'/assets/activity/mission/9bf5ef9de55375229bb3d826dfb0331f.jpg','台北市大安區復興南路一段107巷5弄18號B1','{\"Link\": null, \"Transportation\": null}',NULL),(77,'【RFY生活學院】4月份早餐讀書會 - FIND YOUR WHY',5,'《Find Your Why》接續暢銷書《先問，為什麼？》的黃金圈理論，教你如何更佳地應用，於工作中找到更多靈感，並反過來啟發周遭的人事物！ <br>作者賽門‧西奈克，相信成就感是一種權利而非特權。每個人都被賦予早晨醒來點燃一天工作鬥志的能力，在有安全感的工作崗位上，最後滿足地回到家結束一天。由精確理解我們「為什麼」做這些事的動機與原因，來達成那種滿足的成就感、激勵自我持續走下去的熱情和動能。 <br>隨著黃金圈理論紅遍世界，更進一步思考，該如何應用《先問，為什麼？》知識在個人事業、團隊、公司甚至非營利事業中？《Find Your Why》將解答每個不同階段的詳細練習、圖解與行動步驟，協助你定位所有大小要事，例如： <br>●如果我的動機和競爭對手一樣？ <br><br>●我可以擁有多個動機嗎？ <br><br>●如果我的工作和動機不符，我該怎麼做？ <br><br>●如果我的團隊不苟同我們的目標與動機？ <br><br>不論你是社會新鮮人、團隊領導者、或是公司執行長，透過本書的練習，將幫助你走向成功之路及完成人生使命。 <br><br><br>活動優惠▶250元票價含一杯咖啡或紅茶','THCT01',2,'已上架','2018-01-29','2018-01-29','2018-03-30','2018-02-05',30,'/assets/activity/mission/ca22abe47478313a6c747d1393f20259.jpg','台北市大安區安和路一段127巷29弄5號','{\"Link\": null, \"Transportation\": null}',NULL),(78,'【科技商學院】3月份趨勢讀書會 - 麻省理工學院的系統思考術',5,'當跨界競爭變成常態，我們需要以另外一種解決問題的思考訓練模式，才能讓我們在未來的商業世界看清楚問題的本質。目前系統動力學和策略學已經成為目前美國和大陸最火熱的顯學，甚至也慢慢成為未來青少年教育的重點科目，而這本書源自MIT史隆管理學院的系統動力學！教你擺脫思考慣性，看穿事物表象，任何棘手問題都能迎刃而解！  <br><br>在競爭激烈的職場上，當遇到問題時，你以為你認真思考過了，為什麼想出來的策略還是解決不了問題？  <br>因為，思考慣性阻礙了你，讓你看不清問題的「本質」！眼睛所看得到的，只是問題的結果，而非原因；誤把結果當原因，不管你蒐集多少資料、花多少時間思考，也無法找到正確的解決方法。  <br><br>例如，某商品銷量衰退時，錯把結果當原因的人，只會想到趕快下折扣促銷。  <br>懂得「本質思考」的人，則會追根究柢找到問題的源頭：如果是因為「商品已不符市場所需」，應該採取盡快開發新產品；如果是「市場已臻成熟」，該重視的應該是利潤，而非營業額；如果是「商品含有瑕疵」，則日後需負起回收或維修之責。<br><br>同一個問題，有這麼多不同的解決方法，因此你需要「本質思考」，──探究眼前現象是由哪些因素、在多長的時間裡、以怎樣的方式形成的，才能找到問題的真正根源和改變現象的關鍵！   ','THCT01',2,'已上架','2018-01-29','2018-01-29','2018-03-09','2018-02-05',50,'/assets/activity/mission/8c13b101c61e513798cebfd0d251ad8d.jpg','台北市大安區敦化南路一段188號7樓','{\"Link\": null, \"Transportation\": null}',NULL),(79,'NLP讀懂你的心_假日版',5,'這一夜挑燈<br><br>為的是相互學習交流的意義<br><br>我們想藉著優勢訴說自己<br><br>我們想分享覺知提醒自己<br><br>我們想陪你讀懂自己的意識<br><br>我們想無止盡的探索與學習<br><br>這一夜精彩<br><br>為的是理解我們內在小孩的可愛<br><br><br>為的是～解開心中的疑惑<br><br>為的是～理性背後的故事<br><br>為的是～助益當下的覺察<br><br>來這裡～你是安全的。我是開放的<br><br><br><br>。樂觀積極的心境<br><br>。自由發揮的創意<br><br>。直覺力的超練習<br><br>你只需要帶著你的疑惑、堪憂和困點<br><br>我們一起來釐清思緒<br><br>梳理你的煩憂<br><br>減輕你的心壓～做你自己<br><br>充實彼此兩小時的能量滿滿<br><br>在這裡，你是安全的，你可以是你！','THCT01',2,'已上架','2018-01-29','2018-01-29','2018-03-30','2018-02-05',100,'/assets/activity/mission/6c0386e312fef2c21f24d0144903f242.jpg','台北市中山區復興北路2號8樓之5','{\"Link\": null, \"Transportation\": null}',NULL),(80,'【科技商學院】無差別流風格簡報工作坊 - 6堂課優惠套票',5,'各位好我是為你而讀Steve，在商業上常會遇到的工作挑戰就是如何做出讓客戶買單的銷售或行銷簡報，在公司內部則面臨如何提出讓老闆和同事都買單的企畫案或商業計劃。做簡報最大的目的就是要說服你的聽眾採去行動，如果你的簡報做得太簡單沒有細節，客戶可能會覺得你不用心或者不專業，他就不想和你購買你公司的產品或服務，因為客戶覺得你不了解我。如果你的簡報做得太花俏沒有重點，老闆可能覺得你不知所云，因為我時間有限。那到底該如何做出一份好的簡報呢?<br><br>另外我們在職場上都會換工作，如果你是從事銷售行銷的工作，你有可能會換客戶或換市場，如果你在一家公司待了一段時間你也會往上晉升，這時候你的簡報對象可能會是總經理或國外老闆，甚至還需要用英文簡報，所以隨著不同的工作年資和經驗，你所要面對的簡報對象都會不一樣，所以隨時訓練自己換位簡報思考很重要。<br><br>大家也都知道，簡報最痛苦的部份就是準備資料，花了很多時間收集完資料了，但如何才能透過有邏輯的架構，讓你想溝通的對象聽得下去呢? 或者另外一種常見狀況，就像我過去二十年的工作經驗一樣，客戶突然只有給你三天的時間準備對他們公司的簡報提案企劃，但是你從客戶那邊得到的資訊卻不完整且非常破碎，那你如何在這麼短的時間蒐集到對的資訊，透過有系統有組織的方式設計你的簡報。所以簡報就有點像是在準備料理一樣，你必須花很多時間準備食材和調味料，才能面面俱到最後，但有時候你有會遇到食材不夠的問題，如何根據要吃的對象決定你的料理手法。如果吃飯的對象是一個健康比較差的家人，料理的目的在於提供一盤健康的料理給你的人家人，所以料理的手法必須低油少鹽。如果你的目的是宴請客人，也許你必須綜合煎、煮、炒、炸不同料理手法端出一套令人驚艷的家常私房菜。所以準備簡報就像在準備食譜一樣，你必須針對不同的對象決定你蒐集到的簡報素材該如何整理，在這風格簡報工作坊中，我會帶大家一起透過6個晚上結合這6本書，學習各家不一樣的簡報思考邏輯。<br><br>這堂課大家可以學到三個工作上最重要的簡報技巧<br><br>1. 如何快速準備你的簡報素材<br><br>2. 如何快速設計你的簡報架構<br><br>3. 如何有效表達你的簡報資料<br><br>','THCT01',2,'已上架','2018-01-29','2018-01-29','2018-03-17','2018-02-05',150,'/assets/activity/mission/ebec82162387a5dd4b1b9ae3a8ead41c.jpg','台北市大安區安和路一段127巷29弄5號 ','{\"Link\": null, \"Transportation\": null}',NULL),(81,'【科技商學院】2月份風格簡報工作坊 - 哈佛的視覺圖表術',6,'《哈佛商業評論》資料視覺化專家史考特．貝里納托提出，視覺化已成為世界的共通語言，資料圖表也是最有效率、最有說服力的溝通工具，更是每個人最該學，也最該必備的新語言與技能，你可以不必說一句話就能讓人秒懂，但該怎麼做？ 在這場讀書會我們會帶大家知道各種製作圖表簡報的工作和技巧。<br><br>如何做出一張高說服力的好圖表─<br><br>分享大綱<br><br><br>◎什麼是做出好圖表的兩個問題和四種簡報思考象限： <br>1. 這是屬於「概念」或「數據」的資訊？ <br>2. 我是要「陳述」或「探索」某件事情？ <br><br><br>◎ 除了Excel，還有哪些視覺化工具可以製作圖表？ <br>除了各種圖表類型，我們還會教你書中列舉的19個視覺化工具幾種做法，幫你分析你的圖表優缺點','THCT01',2,'已上架','2018-01-29','2018-01-29','2018-03-09','2018-02-05',50,'/assets/activity/mission/2cfeef56f2da62b05c7b4049fd7baa1b.jpg','台北市大安區安和路一段127巷29弄5號','{\"Link\": null, \"Transportation\": null}',NULL),(82,'〈新月．電影院〉高更：愛在他鄉 - 電影欣賞及名家導讀！',6,'新月與佳映娛樂合作，自二月份起，將不定期推薦優質的藝術或人文類電影給新月的好友們！<br><br>2/10(六) 第一場要推廌給大家的是，目前正在台灣電影院上映的：後印象派畫家 - 高更的傳記電影「高更：愛在他鄉」( 輔15級：須年滿15歲才能觀看 )<br><br>同時，我們也邀請到旅居法國近20年的法國國家藝術導覽員 - 黃忠勤Kanzai Huang老師，來為大家做映前的導賞！<br><br>若您已經進電影院看過，但沒看懂或對高更仍不瞭解、或是很想看但還沒來得及看……，都歡迎到新月，隨著名家的導讀，您將更能深刻體會這部傳紀電影所要傳達的精髓！ 名額只有30位，敬請把握難得的機會！<br><br> <br><br>【講師】黃忠勤／法國國家藝術導覽員、大學助理教授<br><br>【時間】2/10(六) 下午14:00-16:30<br><br>【洽詢】(02)2571-3740 蔡小姐／謝小姐','THCT01',2,'已下架','2018-01-29','2018-01-29','2018-02-23','2018-02-05',100,'/assets/activity/mission/ec38a6454cc6d95d9ffc74a09be7bea4.jpg','台北市中山北路一段33巷20弄2號 ','{\"Link\": null, \"Transportation\": null}',NULL),(83,'【科技商學院】金融財會資料分析師基礎先修班',6,'微軟 Power BI 是一套國內外很流行的數據分析工具，它可以快速連接數以萬計的資料來源、快速簡化你的資料準備時間協助你產生工作需要的工作報表，讓你可以在 Web 上或你自己的手機之間使用。 <br><br> <br><br>你也可以從國外最新的未來工作研究報告或台灣大企業的職缺發現，「資料分析師」是未來最HOT的工作之一！平均薪水最高可到260萬台幣，本堂課將教你如何利用報表工具以挑戰更高薪水。<br><br>這堂課我們將帶你透過Excel的Power BI，來學習如何透過數據分析和視覺化報表進入資料分析師的第一步。Power BI是一套由Microsoft推出的商務分析報表工具，搭配工作上每天都需要的Excel試算表，你可以快速從一堆數據資料中挖掘出有意義的資訊，幾分鐘內就幫你做出視覺效果絕佳的出色報表，讓你的老闆和客戶刮目相看！ <br><br><br><br>我們科技學商院的教學宗旨在培養更多台灣跨領域的人才，所以本課程將結合數位資訊、商業管理和金融財務3種領域的專業知識，培養你在職場的競爭力。 <br><br><br><br>這堂課我們希望讓你上完課具備三個未來職場重要的能力<br><br>1. 如何培養自己用商業和財務的思考做數字分析 (數字分析力)<br><br>2. 利用國外最流行的數據分析工具快速美化你的工作報表 (數據報表力)<br><br>3. 培養看財務報表的問題分析能力 (財務分析力)','THCT01',2,'已上架','2018-01-29','2018-01-29','2018-03-10','2018-02-05',50,'/assets/activity/mission/edab6e1716a3f09bce73e55d4cc4791e.jpg','台北市大安區敦化南路一段188號7樓','{\"Link\": null, \"Transportation\": null}',NULL),(84,'文案壁咚術，給你滿滿怦然心動！',1,'文案壁咚術，給你滿滿怦然心動！<br>洗版世代的超有感文案哲學<br><br><br><br>好文案，懂得人們心中吶喊的聲音， 神文案，讓傻事變浪漫， <br>三位資深創意人文案金馬〝講〞開堂， 傳授文案壁咚術，給你滿滿怦然心動， <br>你今天刷出超有感文案了嗎？<br><br>2018/ 03/23(五)　９：３０－１７：４５','ISHT01',1,'已上架','2018-03-09','2018-03-09','2018-05-04','2018-03-09',50,'/assets/activity/mission/020440a5ac6f62b36288673564bda585.jpg','台北市內湖區南京東路二段100號','{\"Link\": null, \"Transportation\": null}',NULL),(85,'內容行銷正流行,然後呢?',1,'內容為王!<br><br>內容是甚麼? 可以是一張相片,  一則圖文,  一篇FB貼文，一支影音或一部戲劇......., 只要能喚起消費者共鳴及分享的皆是好內容，但好內容如何產出, 若是品牌經營者, 又該如何設計出符合品牌精神與貼切消費者需求的內容? <br><br>內容產出後, 又該如何評估其效益?<br><br>我可能不會愛你、妹妹、一把青到今年的金鐘大贏家\"植劇場\", 戲劇本身就是內容, 也需要宣傳； 另一方面, 品牌也期望能藉由戲劇內容傳遞給受眾, 但又該如何結合,達到雙贏?<br><br>此課程將聚焦\"做中學\", 由上述戲劇的資深行銷達人\"蔡妃喬營運長\"親自帶你領略從無到有的內容生成, 成為真正的內容行銷導讀者!','ISHT01',1,'已上架','2018-03-09','2018-03-09','2018-05-18','2018-03-09',123,'/assets/activity/mission/597b2c93b1a9602c22f617fb811bb017.jpg','台北市內湖區金華街17號6樓','{\"Link\": null, \"Transportation\": null}',NULL),(86,'陳景祥-大數據資料探勘R語言-2018/3/17(六)與3/24(六)',1,'課程大綱：<br><br>1.R 軟體快速入門<br><br>2.常用的資料探勘技術簡介<br><br>3.決策樹(Decision Trees) (1)<br><br>4.決策樹(Decision Trees) (2)<br><br>5.類神經網路(Artifical Nueral Network) 。<br><br>6.SVM(Support Vetor Machine)與其他分類方法<br><br>7.當紅的 xgboost 分類技術<br><br>8.自動挑選分類技術的最佳設定參數 。<br><br>9.不平衡資料(Imbalanced Data) 的處理 。<br><br>10.集群分析(Clustering Analysin)與其他多變量方法<br><br>11.關聯規則分析(Association Analysis)<br><br>12.Ensemble Learning 。<br><br>13.實例演練與分析 ','ISHT01',1,'已上架','2018-03-09','2018-03-09','2018-06-07','2018-03-09',100,'/assets/activity/mission/9889ab422e18d0bf345888b64ad080fa.jpg','台北市萬華區濟南路一段321號','{\"Link\": null, \"Transportation\": null}',NULL),(87,'ART TAINAN 2018 台南藝術博覽會',1,'作為開春後首場的藝博會，第六屆ART TAINAN 台南藝術博覽會將於3月16日至18日再度於大億麗緻酒店盛大登場。<br><br>呈獻51間來自台灣以及亞洲地區的優質畫廊，今年展出名單更勝以往，突破歷年來國外參展數量紀錄，展出近180位國內外優秀藝術家的創作，藝術品橫跨經典大師、中壯輩藝術家至年輕藝術家，類型囊括油畫、雕塑、繪畫、裝置、錄像以及攝影。','ISHT01',1,'已上架','2018-03-09','2018-03-09','2018-05-17','2018-03-09',100,'/assets/activity/mission/ad8775e67e75a794e2266c1bbe66f4bd.jpg','新北市板橋區西門路一段660號','{\"Link\": null, \"Transportation\": null}',NULL),(88,'2018 Wonder Foto Day 台北國際攝影藝術交流展',1,'一年一度、台灣最盛大的攝影藝術盛事！ 以120見方的桌面為展示平台、台灣為中心，集結亞洲為主的攝影藝術家，來自八個國家地區、120位藝術家齊聚一堂，展現藝術家們的作品與創意，讓各國藝術家能與收藏家、觀眾們能夠以面對面方式交流，碰撞出璀璨火花，認識以往不曾知道的攝影藝術！','ISHT01',1,'已上架','2018-03-09','2018-03-09','2018-05-17','2018-03-09',50,'/assets/activity/mission/7ce3f3fbfd6222e34d4d759337d956b3.jpg','新北市石碇區光復南路133號 ','{\"Link\": null, \"Transportation\": null}',NULL),(92,'【莓好食光季】馬丁農夫 x Accupass 莓滿的一天',2,' 春神來了怎知道，草莓一吃就知道<br><br>北部的朋友有福了，Accupass讓你在城市裡採有機草莓！<br><br>內湖馬丁農夫-莓滿的一天『限時開團』<br><br>只有四個場次：3/17、4/1、4/14、4/28，能獨享與有機草莓為伍的農村生活<br><br><br><br>別再猶豫了！帶上你的今世情人、前世情人，一齊去郊遊。<br><br>【Accupass獨家草莓季｜馬丁農夫-莓滿的一天！】<br><br>內湖馬丁農夫-莓滿的一天，讓你在一天之內和大自然交上朋友<br><br>沒有農藥、除草劑，孩子們可以安心在草堆、菜園奔跑打滾<br><br>盡情享受遠離都市塵囂的野孩子一日營<br><br>當天除了摘採有機新鮮草莓外，還有參觀農場生態、自給自足當令食材窯烤體驗等活動<br><br> 吃飽喝足過後，園區會帶大家前往DIY教室，讓你親自動手玩食物<br><br>或許是傳統草仔粿、蘿蔔糕；也許是和風草莓大福，也有可能是馬丁農夫獨家的好味道<br><br>邊玩邊學，邊做邊吃，絕對讓你流連忘返！','ISHT01',1,'已退回','2018-03-09','2018-03-09','2018-05-09','2018-03-09',50,'/assets/activity/mission/4f861a0835131c4ed3d77c70df51cf6a.jpg','台北市中正區碧山路38號','{\"Link\": \"https://www.youtube.com/watch?v=8TbAPjuou6E\", \"Transportation\": null}',NULL),(93,'[Accupass活動好場地] 藝食酒',2,'由三個好姐妹一起創立的「藝食酒」靜靜地聳立在南京東路上，推開門小小的樓提向上延伸，空氣中散發著都市中難得的神秘幽靜氣息，其實這裡是一整棟的藝文空間。二樓的「璞斟酒窖」低調而奢華、三樓「藝食酒藝文空間」簡約白淨、四樓「狐偲私廚」則流露出濃濃的歐式鄉村情懷。','ISHT01',1,'已上架','2018-03-09','2018-03-09','2018-06-14','2018-03-09',150,'/assets/activity/mission/eaa21e4759fc2415f3dc7c3fd2872809.jpg','台北市松山區南京東路三段119號2-4樓','{\"Link\": \"https://www.youtube.com/watch?v=8TbAPjuou6E\", \"Transportation\": null}',NULL),(94,'[Accupass活動好場地] 盈創中心',2,'盈創中心報到區<br><br>除此之外，「盈創中心」不像一般傳統的傳統教室，不僅燈光美氣氛佳還配備了高階廣播音響、超大螢幕投影機、咖啡、飲水機等完善設備，最多可容納130人以上，是台北市中心難得的團體聚會場地。<br><br>談起盈創中心的來歷，「盈創聯合」的執行長趙先之幽默地說道：「因為自己一直以來都很愛舉辦演講活動，但礙於台北市地狹人稠常常找不到理想的場地，於是有了乾脆自己打造一個半活動場地的想法。」原來趙先生不僅活動策展經驗豐富，更曾任知名廣告公司李奧貝納 ARC 副總監。「盈創聯合」的子品牌除了有提供活動場地的「盈創中心」外，還包含了其他各式樣與學習、商務相關的品牌，甚至還跨足了手機殼的販售。','ISHT01',1,'已上架','2018-03-09','2018-03-09','2018-05-09','2018-03-09',50,'/assets/activity/mission/87394867638efe8580f96da3c9c0781c.jpg','台北市內湖區長春路366號5樓','{\"Link\": \"https://www.youtube.com/watch?v=8TbAPjuou6E\", \"Transportation\": null}',NULL),(95,'【為你而讀】第85會：High Performance Habits X 電腦玩物站長的筆記思考術 X 管他的！',3,'一個下午的時間，邀請三位說書人，為你說一本他深受感動的書。來到【為你而讀】，不僅提供精練、省時的知識，更在此認識跨產業的新朋友，因為我們相信，每個人的故事，都像一本書一樣精彩！註：2017年度優惠套票可以沿用，會員點數與分享券無使用期限喔！','ISHT01',1,'已上架','2018-03-09','2018-03-09','2018-06-21','2018-03-09',50,'/assets/activity/mission/048c4ac07414e45a6e0a95bcb905a3c7.jpg','台北市大安區敦化南路一段188號7樓 (近捷運忠孝敦化站八號出口)','{\"Link\": null, \"Transportation\": \"飛機\"}',NULL),(96,'【阿薩布魯聊書會】第十場 04/03(二)《美感京都:李清志的京都美學》',3,'【為什麼叫阿薩布魯聊書會呢？】<br>因為希望是跨領域的閱讀交流，不限閱讀分享同一本書籍，將選擇書這件事交回給個人自己，讓自己回歸為學習的主導者，運用交流的形式來進行多角度的思維交流，所以才叫阿薩布魯聊書會。<br><br>【聊書的收穫】<br><br>吸收主持人分享該本書的精華。更他人分享了解每個人對於相關主題的角度觀點、內容知識。經由與他人分享表達將學習再一次整理內化。認識喜歡閱讀學習的朋友。','ISHT01',1,'已上架','2018-03-09','2018-03-09','2018-05-16','2018-03-09',50,'/assets/activity/mission/7f08c8ac425e34c8547af4e361016b1e.jpg','台北市南港區南京東路二段72號9樓','{\"Link\": null, \"Transportation\": \"火車\"}',NULL),(97,'海光書讀」人文經典讀書會-2018年春季系列',3,'活動說明<br><br>我們找到了老師願意坐在你身邊，用五週的時間為你講一本書，你願意聽嗎？海光書讀自 2015年開課以來，已經帶著三十多本國內外的大師經典打破高等教育研究機構的高牆，來到每個人的身邊。每一本書都有教授級的導讀人帶領閱讀與討論，一貫的高品質讓海光書讀始終維持好評。<br><br>海光人文書院秉持著鼓勵深入閱讀與獨立思考的推廣精神而開設民間版人文社會科學經典閱讀課程，不限制參與者背景與條件，只要有時間、有興趣，支付合理的課程費用即可參與。教室與老師們都準備好了，只等待你與我們一起深入國內外社會科學經典的世界！<br><br><br><br>課程詳情<br><br>真理與方法：語言<br><br>作者：Hans-Georg Gadamer <br>講師：鄭志成（東海大學社會系副教授）<br>時間：3月16日、3月23日、3月30日、4月6日、4月13日（週五晚上七時至九時）<br>文本說明<br><br>Gadamer 的《真理與方法》一書直面文化科學(韋伯意義下)的真理問題。相較於自然科學，其真理可以在探究的結論中外化體現，文化科學的真理則在考察的過程中展現自身。  Gadamer 的《真理與方法》試圖矯客觀主義時弊、抗科學方法霸權，並省視文化科學知識自 身的基底，也就是探究「理解」得以可能的基本條件。<br><br>自去年春季開始的《真理與方法》系列，至本季已來到尾聲，經歷藝術與歷史兩部分，我們終於要來到人理解世界的最重要媒介：語言。Gadamer 的哲學詮釋學就是一種關於理解的理論，將對於文本的理解延伸到生命、思想與實踐的各種領域，也就是將自我的理解論述為一種自我經 和生命經 安置在歷史(時間) 的向度上，並藉由語言與他者連結。Gadamer對於強調嚴謹客觀方法知識的反擊，又會如何詮釋「語言」呢？<br><br>*本課程為延續性課程，文本為可獨立閱讀篇章，但背景知識可能為延續性知識，教材為中文簡體翻譯。<br><br>開課緣起：敬請期待','ISHT01',1,'已上架','2018-03-09','2018-03-09','2018-05-16','2018-03-09',30,'/assets/activity/mission/cef755ef5787b75aea60930e1d865fbc.jpg','新北市鶯歌區溫州街18巷16弄1-1號','{\"Link\": null, \"Transportation\": \"計程車\"}',NULL),(98,'藝術對話的力量-看懂你的抽象揮灑',4,'藝術對話的力量<br>陪你看懂你的抽象揮灑<br><br><br>「走探索去藝術實驗室」<br>https://www.facebook.com/LetsExploreArtLaboratory/...<br>跟著「走探索去藝術實驗室」在藝術家們的腳步中，一同在體驗創作中舒壓，<br>並看見自己內在的韻律，一起探討藝術與你情緒與潛意識的力量。','ISHT01',1,'已上架','2018-03-09','2018-03-09','2018-06-07','2018-03-09',50,'/assets/activity/mission/e874e804da21b0ee3f1aadd688316b8e.jpg','台北市北投區新生南路三段16-1號2樓','{\"Link\": null, \"Transportation\": null}',NULL),(99,'藝術對話的力量 陪你看懂你的抽象揮灑   「走探索去藝術實驗室」 ',5,'貌似實驗室打造系列兩堂課，導讀與實戰研討，為行銷人、媒體人、SOHO工作者、在創業路上的你，破除財務判讀迷思，讓你的行銷策略更有效益！','ISHT01',1,'已上架','2018-03-09','2018-03-09','2018-05-16','2018-03-09',100,'/assets/activity/mission/ed407bf032e80c0305971d571b44d6ea.jpg','新北市三峽區和平東路二段265巷3號','{\"Link\": null, \"Transportation\": null}',NULL),(100,'【鋒哥導讀】原來有錢人都這麼做：學習富人的致富之道',6,'【導讀者】：李柏鋒<br><br>USA STOCK 部落格作者<br>https://www.businessweekly.com.tw/blogarticle.aspx?id=0000000027專欄作者<br>Money錢雜誌美股專欄作者<br>Money錢雜誌2016年10月號封面人物（https://goo.gl/cYdgzv）<br>鏡週刊2016年12月29日理財專題採訪（https://goo.gl/0uZOMd）<br>曾任 PTT 保險版、全方位理財投資版、海外投資版版主<br>曾任 MoneyDJ 網站 ETF、美股頻道與《XQ 全球贏家》產品經理<br>線上課程【小資族理財的第一堂入門課】講師<br><br><br>【為什麼辦導讀？】<br><br>每一場導讀所選的書，都是將書重複閱讀超過十次以上，能看這麼多次的書，都是很經典的好書。<br><br>每一場導讀的準備，都額外再參考五本以上的相關書籍，將內容補充得更完整。<br><br>這就是為什麼有參與者說，雖然他讀完了書才來讀書會，但是他聽到的像是另一本完全不同的書。<br><br>這就是為什麼有參與者說，他很難讀完一本書，就算讀完也不一定懂，但是他竟然聽完了一本投資的書，而且還聽懂了！<br><br>我不喜歡開投資課程，因為很多人只想聽明牌。<br><br>我喜歡導讀投資經典書籍，因為願意來聽的人都是喜歡學投資的人。<br><br>喜歡學投資的人會知道該把錢花在哪裡報酬率最高，而且成功的投資人沒有一個是不喜歡學習的！<br><br>來這裡，你不但會聽到我分享的所有學習收獲，你還能認識到其他熱愛學習的投資人！<br><br><br><br>【書籍資訊】<br><br>中文書名：原來有錢人都這麼做：效法有錢人的理財術，學習富人的致富之道<br>英文書名：The Millionaire Next Door<br>作者：湯瑪斯・史丹利, 威廉・丹柯<br>博客來購書連結：https://goo.gl/vAfKfd<br><br><br>【書籍大綱】<br><br>第一章 原來隔壁鄰居是個有錢人<br>第二章 真正有錢人的致富之道<br>第三章 花時間和精力做財務規劃<br>第四章 那只是一輛車，不是你<br>第五章 富二代的金錢觀念<br>第六章 注意！不要養出啃老族<br>第七章 找到利基讓自己邁向有錢之路<br>第八章 慎選職業，輕鬆做有錢人<br><br><br><br>【導讀摘要】<br><br>致富的七大元素<br><br>　　富人們通常遵循一種能夠幫助他們累積財富的方式生活。在調查過程中發現，這些有錢人有七大共同特性：<br><br>　　1. 有錢人會量入為出。<br>　　2. 有錢人能有效分配時間、精力、金錢，以達到建立財富的目標。<br>　　3. 有錢人相信經濟獨立比展現崇高社會地位更加重要。<br>　　4. 有錢人的父母並不提供經濟上的後盾。<br>　　5. 有錢人的成年子女在經濟上能夠自給自足。<br>　　6. 有錢人對掌握市場機會很有經驗。<br>　　7. 有錢人選對了職業。<br><br><br><br>【這場導讀適合哪些人？】<br><br>對開始投資有興趣的人<br>投資一段時間後，想更深入了解的人<br>投資經驗豐富，願意一起來跟大家分享的人<br><br><br>【這場導讀不適合哪些人？】<br><br>想聽明牌的人<br>懶得學習投資的人<br>不想投資的人<br><br><br>【以往讀書會參與者心得】<br><br>專業投資人蕭輔彥：一本好書，配上高手來導讀，真是覺得賺到了！三小時的詳細解說，只收費這樣的費用，我真的覺得柏鋒兄是佛心來的！<br>教育專欄作家謝宇程：感謝柏鋒兄，無論推薦這本書，還是這場價值極高、有架構、有系統、深刻而且嚴謹的導讀。如果說這場導讀有什麼讓我意外，就是它竟然不是坐無虛席/座位秒殺/人山人海。','ISHT01',1,'已上架','2018-03-09','2018-03-09','2018-05-16','2018-03-09',50,'/assets/activity/mission/ef9deb13d463236757fbdc4a53af3f0d.jpg','新北市坪林區復興北路154號9樓','{\"Link\": null, \"Transportation\": null}',NULL),(101,'2018/04/12(四)『一日易經班』課程《6小時教你如何讀懂易經》#第237場',6,'大部分人的思考，往往只停留在一個層次，無法向上提升。而《易經》是多層次思考，透過學習，讓人一層一層往上想。<br><br>這次的課程，屬於《易經》入門款，事實上，很少有老師願意從這裡開始啟蒙。只要踏進來這一步，你的基礎就能紮穩了，往後再跟任何大師學，都不會有障礙，無入而不自得。<br><br><br>『一日易經班』課程《6小時教你如何讀懂易經》<br>► 上課時間｜早上10:00至下午17:00<br><br>► 上課地點｜《曾仕強文化》重慶教室(台北市重慶南路一段57號8樓之14)<br><br>► 完成報名即贈易經的奧祕乙本，活動現場報到取書。','ISHT01',1,'已上架','2018-03-09','2018-03-09','2018-05-18','2018-03-09',30,'/assets/activity/mission/920c721771b4334a80a183df037cfd83.jpg','新北市中和區重慶南路一段57號8樓之14','{\"Link\": null, \"Transportation\": null}',NULL),(102,'藝術對話的力量-看懂你的抽象揮灑',4,'藝術對話的力量<br>陪你看懂你的抽象揮灑<br><br><br>「走探索去藝術實驗室」<br>https://www.facebook.com/LetsExploreArtLaboratory/...<br>跟著「走探索去藝術實驗室」在藝術家們的腳步中，一同在體驗創作中舒壓，<br>並看見自己內在的韻律，一起探討藝術與你情緒與潛意識的力量。','ISHT01',1,'已上架','2018-03-09','2018-03-09','2018-06-07','2018-03-09',50,'/assets/activity/mission/e874e804da21b0ee3f1aadd688316b8e.jpg','台北市北投區新生南路三段16-1號2樓','{\"Link\": null, \"Transportation\": null}',NULL),(103,'【為你而讀】第81會：被討厭的勇氣 X 一個人的獲利模式 X 工作的真義',3,'書摘► <br><br>你是否曾經思考過以下問題： <br><br>「為何我總是重複著相同的生活模式，無法做出改變？」 <br><br>「為什麼自卑感總是伴隨著我，而且揮之不去？」 <br><br>「為什麼我總是活在他人的期待之下？不願勇敢做自己？」 <br><br>「為什麼別人看起來都很幸福？而我卻一點不感到幸福？」 <br><br> 如果你被以上問題困惑，卻探尋不著答案，那你應該認識「被討厭的勇氣」。本書榮獲日本2014年商業書大賞第三名，以及日本亞馬遜年度冠軍書，連續300天長踞暢銷榜，並獲選《經理人》雜誌2014年4月商管選書。本書的思想理論來自與佛洛依德、榮格齊名，併稱「心理學三巨頭」的自我啟發之父「阿德勒」；說書人Seven結合了NLP(神經語言程式學)及教練(自我探索)技法，讓你了解人是可以改變的，不僅如此，還可以變得幸福，並且跳脫自我框架，再現美好人生！ ','TCFT01',4,'已上架','2018-01-29','2018-01-29','2018-03-16','2018-03-23',50,'/assets/activity/mission/cfccdf220e03b606c5137130d2e43f26.jpg','台北市大安區敦化南路一段188號7樓','{\"Link\": null, \"Transportation\": \"公車\"}',NULL),(104,'文案壁咚術，給你滿滿怦然心動！',1,'文案壁咚術，給你滿滿怦然心動！<br>洗版世代的超有感文案哲學<br><br><br><br>好文案，懂得人們心中吶喊的聲音， 神文案，讓傻事變浪漫， <br>三位資深創意人文案金馬〝講〞開堂， 傳授文案壁咚術，給你滿滿怦然心動， <br>你今天刷出超有感文案了嗎？<br><br>2018/ 03/23(五)　９：３０－１７：４５','TCFT01',4,'已上架','2018-03-09','2018-03-09','2018-05-04','2018-03-09',50,'/assets/activity/mission/020440a5ac6f62b36288673564bda585.jpg','台北市內湖區南京東路二段100號','{\"Link\": null, \"Transportation\": null}',NULL),(105,'內容行銷正流行,然後呢?',1,'內容為王!<br><br>內容是甚麼? 可以是一張相片,  一則圖文,  一篇FB貼文，一支影音或一部戲劇......., 只要能喚起消費者共鳴及分享的皆是好內容，但好內容如何產出, 若是品牌經營者, 又該如何設計出符合品牌精神與貼切消費者需求的內容? <br><br>內容產出後, 又該如何評估其效益?<br><br>我可能不會愛你、妹妹、一把青到今年的金鐘大贏家\"植劇場\", 戲劇本身就是內容, 也需要宣傳； 另一方面, 品牌也期望能藉由戲劇內容傳遞給受眾, 但又該如何結合,達到雙贏?<br><br>此課程將聚焦\"做中學\", 由上述戲劇的資深行銷達人\"蔡妃喬營運長\"親自帶你領略從無到有的內容生成, 成為真正的內容行銷導讀者!','TCFT01',4,'已上架','2018-03-09','2018-03-09','2018-05-18','2018-03-09',123,'/assets/activity/mission/597b2c93b1a9602c22f617fb811bb017.jpg','台北市內湖區金華街17號6樓','{\"Link\": null, \"Transportation\": null}',NULL),(106,'陳景祥-大數據資料探勘R語言-2018/3/17(六)與3/24(六)',1,'課程大綱：<br><br>1.R 軟體快速入門<br><br>2.常用的資料探勘技術簡介<br><br>3.決策樹(Decision Trees) (1)<br><br>4.決策樹(Decision Trees) (2)<br><br>5.類神經網路(Artifical Nueral Network) 。<br><br>6.SVM(Support Vetor Machine)與其他分類方法<br><br>7.當紅的 xgboost 分類技術<br><br>8.自動挑選分類技術的最佳設定參數 。<br><br>9.不平衡資料(Imbalanced Data) 的處理 。<br><br>10.集群分析(Clustering Analysin)與其他多變量方法<br><br>11.關聯規則分析(Association Analysis)<br><br>12.Ensemble Learning 。<br><br>13.實例演練與分析 ','TCFT01',4,'已上架','2018-03-09','2018-03-09','2018-06-07','2018-03-09',100,'/assets/activity/mission/9889ab422e18d0bf345888b64ad080fa.jpg','台北市萬華區濟南路一段321號','{\"Link\": null, \"Transportation\": null}',NULL),(107,'ART TAINAN 2018 台南藝術博覽會',1,'作為開春後首場的藝博會，第六屆ART TAINAN 台南藝術博覽會將於3月16日至18日再度於大億麗緻酒店盛大登場。<br><br>呈獻51間來自台灣以及亞洲地區的優質畫廊，今年展出名單更勝以往，突破歷年來國外參展數量紀錄，展出近180位國內外優秀藝術家的創作，藝術品橫跨經典大師、中壯輩藝術家至年輕藝術家，類型囊括油畫、雕塑、繪畫、裝置、錄像以及攝影。','TCFT01',4,'已上架','2018-03-09','2018-03-09','2018-05-17','2018-03-09',100,'/assets/activity/mission/ad8775e67e75a794e2266c1bbe66f4bd.jpg','新北市板橋區西門路一段660號','{\"Link\": null, \"Transportation\": null}',NULL),(108,'2018 Wonder Foto Day 台北國際攝影藝術交流展',1,'一年一度、台灣最盛大的攝影藝術盛事！ 以120見方的桌面為展示平台、台灣為中心，集結亞洲為主的攝影藝術家，來自八個國家地區、120位藝術家齊聚一堂，展現藝術家們的作品與創意，讓各國藝術家能與收藏家、觀眾們能夠以面對面方式交流，碰撞出璀璨火花，認識以往不曾知道的攝影藝術！','TCFT01',4,'已上架','2018-03-09','2018-03-09','2018-05-17','2018-03-09',50,'/assets/activity/mission/7ce3f3fbfd6222e34d4d759337d956b3.jpg','新北市石碇區光復南路133號 ','{\"Link\": null, \"Transportation\": null}',NULL),(109,'[Accupass活動好場地] 藝食酒',2,'由三個好姐妹一起創立的「藝食酒」靜靜地聳立在南京東路上，推開門小小的樓提向上延伸，空氣中散發著都市中難得的神秘幽靜氣息，其實這裡是一整棟的藝文空間。二樓的「璞斟酒窖」低調而奢華、三樓「藝食酒藝文空間」簡約白淨、四樓「狐偲私廚」則流露出濃濃的歐式鄉村情懷。','TCFT01',4,'已上架','2018-03-09','2018-03-09','2018-06-14','2018-03-09',150,'/assets/activity/mission/eaa21e4759fc2415f3dc7c3fd2872809.jpg','台北市松山區南京東路三段119號2-4樓','{\"Link\": \"https://www.youtube.com/watch?v=8TbAPjuou6E\", \"Transportation\": null}',NULL),(110,'[Accupass活動好場地] 盈創中心',2,'盈創中心報到區<br><br>除此之外，「盈創中心」不像一般傳統的傳統教室，不僅燈光美氣氛佳還配備了高階廣播音響、超大螢幕投影機、咖啡、飲水機等完善設備，最多可容納130人以上，是台北市中心難得的團體聚會場地。<br><br>談起盈創中心的來歷，「盈創聯合」的執行長趙先之幽默地說道：「因為自己一直以來都很愛舉辦演講活動，但礙於台北市地狹人稠常常找不到理想的場地，於是有了乾脆自己打造一個半活動場地的想法。」原來趙先生不僅活動策展經驗豐富，更曾任知名廣告公司李奧貝納 ARC 副總監。「盈創聯合」的子品牌除了有提供活動場地的「盈創中心」外，還包含了其他各式樣與學習、商務相關的品牌，甚至還跨足了手機殼的販售。','TCFT01',4,'已上架','2018-03-09','2018-03-09','2018-05-09','2018-03-09',50,'/assets/activity/mission/87394867638efe8580f96da3c9c0781c.jpg','台北市內湖區長春路366號5樓','{\"Link\": \"https://www.youtube.com/watch?v=8TbAPjuou6E\", \"Transportation\": null}',NULL),(111,'【為你而讀】第85會：High Performance Habits X 電腦玩物站長的筆記思考術 X 管他的！',3,'一個下午的時間，邀請三位說書人，為你說一本他深受感動的書。來到【為你而讀】，不僅提供精練、省時的知識，更在此認識跨產業的新朋友，因為我們相信，每個人的故事，都像一本書一樣精彩！註：2017年度優惠套票可以沿用，會員點數與分享券無使用期限喔！','TCFT01',4,'已上架','2018-03-09','2018-03-09','2018-06-21','2018-03-09',50,'/assets/activity/mission/048c4ac07414e45a6e0a95bcb905a3c7.jpg','台北市大安區敦化南路一段188號7樓 (近捷運忠孝敦化站八號出口)','{\"Link\": null, \"Transportation\": \"飛機\"}',NULL),(112,'【阿薩布魯聊書會】第十場 04/03(二)《美感京都:李清志的京都美學》',3,'【為什麼叫阿薩布魯聊書會呢？】<br>因為希望是跨領域的閱讀交流，不限閱讀分享同一本書籍，將選擇書這件事交回給個人自己，讓自己回歸為學習的主導者，運用交流的形式來進行多角度的思維交流，所以才叫阿薩布魯聊書會。<br><br>【聊書的收穫】<br><br>吸收主持人分享該本書的精華。更他人分享了解每個人對於相關主題的角度觀點、內容知識。經由與他人分享表達將學習再一次整理內化。認識喜歡閱讀學習的朋友。','TCFT01',4,'已上架','2018-03-09','2018-03-09','2018-05-16','2018-03-09',50,'/assets/activity/mission/7f08c8ac425e34c8547af4e361016b1e.jpg','台北市南港區南京東路二段72號9樓','{\"Link\": null, \"Transportation\": \"火車\"}',NULL),(113,'海光書讀」人文經典讀書會-2018年春季系列',3,'活動說明<br><br>我們找到了老師願意坐在你身邊，用五週的時間為你講一本書，你願意聽嗎？海光書讀自 2015年開課以來，已經帶著三十多本國內外的大師經典打破高等教育研究機構的高牆，來到每個人的身邊。每一本書都有教授級的導讀人帶領閱讀與討論，一貫的高品質讓海光書讀始終維持好評。<br><br>海光人文書院秉持著鼓勵深入閱讀與獨立思考的推廣精神而開設民間版人文社會科學經典閱讀課程，不限制參與者背景與條件，只要有時間、有興趣，支付合理的課程費用即可參與。教室與老師們都準備好了，只等待你與我們一起深入國內外社會科學經典的世界！<br><br><br><br>課程詳情<br><br>真理與方法：語言<br><br>作者：Hans-Georg Gadamer <br>講師：鄭志成（東海大學社會系副教授）<br>時間：3月16日、3月23日、3月30日、4月6日、4月13日（週五晚上七時至九時）<br>文本說明<br><br>Gadamer 的《真理與方法》一書直面文化科學(韋伯意義下)的真理問題。相較於自然科學，其真理可以在探究的結論中外化體現，文化科學的真理則在考察的過程中展現自身。  Gadamer 的《真理與方法》試圖矯客觀主義時弊、抗科學方法霸權，並省視文化科學知識自 身的基底，也就是探究「理解」得以可能的基本條件。<br><br>自去年春季開始的《真理與方法》系列，至本季已來到尾聲，經歷藝術與歷史兩部分，我們終於要來到人理解世界的最重要媒介：語言。Gadamer 的哲學詮釋學就是一種關於理解的理論，將對於文本的理解延伸到生命、思想與實踐的各種領域，也就是將自我的理解論述為一種自我經 和生命經 安置在歷史(時間) 的向度上，並藉由語言與他者連結。Gadamer對於強調嚴謹客觀方法知識的反擊，又會如何詮釋「語言」呢？<br><br>*本課程為延續性課程，文本為可獨立閱讀篇章，但背景知識可能為延續性知識，教材為中文簡體翻譯。<br><br>開課緣起：敬請期待','TCFT01',4,'已上架','2018-03-09','2018-03-09','2018-05-16','2018-03-09',30,'/assets/activity/mission/cef755ef5787b75aea60930e1d865fbc.jpg','新北市鶯歌區溫州街18巷16弄1-1號','{\"Link\": null, \"Transportation\": \"計程車\"}',NULL),(114,'《2018流年運勢分析》演講會',4,'啟動學習、開啟智慧，永遠都是您最有價值的投資。<br><br>人生的改變，就從聆聽一場能對人生帶來重要啟發的演講開始吧！<br><br>2018/02/01(四) 《2018流年運勢分析》演講會。 <br>有一種人，只要給他一點提醒，他就可以風生水起，確實是如此。<br>上課時間:晚間19:00-22:00<br><br>上課地點:《曾仕強文化》重慶教室(台北市重慶南路一段57號8樓之14)<br><br>洽詢電話:02-23611379','TCFT01',4,'已上架','2018-01-29','2018-01-29','2018-03-24','2018-02-05',50,'/assets/activity/mission/7c00f51f17fb86bd7472df1d175b1440.jpg','台北市重慶南路一段57號8樓之14','{\"Link\": null, \"Transportation\": null}',NULL),(115,'【RFY生活學院】4月份早餐讀書會 - FIND YOUR WHY',5,'《Find Your Why》接續暢銷書《先問，為什麼？》的黃金圈理論，教你如何更佳地應用，於工作中找到更多靈感，並反過來啟發周遭的人事物！ <br>作者賽門‧西奈克，相信成就感是一種權利而非特權。每個人都被賦予早晨醒來點燃一天工作鬥志的能力，在有安全感的工作崗位上，最後滿足地回到家結束一天。由精確理解我們「為什麼」做這些事的動機與原因，來達成那種滿足的成就感、激勵自我持續走下去的熱情和動能。 <br>隨著黃金圈理論紅遍世界，更進一步思考，該如何應用《先問，為什麼？》知識在個人事業、團隊、公司甚至非營利事業中？《Find Your Why》將解答每個不同階段的詳細練習、圖解與行動步驟，協助你定位所有大小要事，例如： <br>●如果我的動機和競爭對手一樣？ <br><br>●我可以擁有多個動機嗎？ <br><br>●如果我的工作和動機不符，我該怎麼做？ <br><br>●如果我的團隊不苟同我們的目標與動機？ <br><br>不論你是社會新鮮人、團隊領導者、或是公司執行長，透過本書的練習，將幫助你走向成功之路及完成人生使命。 <br><br><br>活動優惠▶250元票價含一杯咖啡或紅茶','TCFT01',4,'已上架','2018-01-29','2018-01-29','2018-03-30','2018-02-05',30,'/assets/activity/mission/ca22abe47478313a6c747d1393f20259.jpg','台北市大安區安和路一段127巷29弄5號','{\"Link\": null, \"Transportation\": null}',NULL),(116,'【科技商學院】3月份趨勢讀書會 - 麻省理工學院的系統思考術',5,'當跨界競爭變成常態，我們需要以另外一種解決問題的思考訓練模式，才能讓我們在未來的商業世界看清楚問題的本質。目前系統動力學和策略學已經成為目前美國和大陸最火熱的顯學，甚至也慢慢成為未來青少年教育的重點科目，而這本書源自MIT史隆管理學院的系統動力學！教你擺脫思考慣性，看穿事物表象，任何棘手問題都能迎刃而解！  <br><br>在競爭激烈的職場上，當遇到問題時，你以為你認真思考過了，為什麼想出來的策略還是解決不了問題？  <br>因為，思考慣性阻礙了你，讓你看不清問題的「本質」！眼睛所看得到的，只是問題的結果，而非原因；誤把結果當原因，不管你蒐集多少資料、花多少時間思考，也無法找到正確的解決方法。  <br><br>例如，某商品銷量衰退時，錯把結果當原因的人，只會想到趕快下折扣促銷。  <br>懂得「本質思考」的人，則會追根究柢找到問題的源頭：如果是因為「商品已不符市場所需」，應該採取盡快開發新產品；如果是「市場已臻成熟」，該重視的應該是利潤，而非營業額；如果是「商品含有瑕疵」，則日後需負起回收或維修之責。<br><br>同一個問題，有這麼多不同的解決方法，因此你需要「本質思考」，──探究眼前現象是由哪些因素、在多長的時間裡、以怎樣的方式形成的，才能找到問題的真正根源和改變現象的關鍵！   ','TCFT01',4,'已上架','2018-01-29','2018-01-29','2018-03-09','2018-02-05',50,'/assets/activity/mission/8c13b101c61e513798cebfd0d251ad8d.jpg','台北市大安區敦化南路一段188號7樓','{\"Link\": null, \"Transportation\": null}',NULL),(117,'NLP讀懂你的心_假日版',5,'這一夜挑燈<br><br>為的是相互學習交流的意義<br><br>我們想藉著優勢訴說自己<br><br>我們想分享覺知提醒自己<br><br>我們想陪你讀懂自己的意識<br><br>我們想無止盡的探索與學習<br><br>這一夜精彩<br><br>為的是理解我們內在小孩的可愛<br><br><br>為的是～解開心中的疑惑<br><br>為的是～理性背後的故事<br><br>為的是～助益當下的覺察<br><br>來這裡～你是安全的。我是開放的<br><br><br><br>。樂觀積極的心境<br><br>。自由發揮的創意<br><br>。直覺力的超練習<br><br>你只需要帶著你的疑惑、堪憂和困點<br><br>我們一起來釐清思緒<br><br>梳理你的煩憂<br><br>減輕你的心壓～做你自己<br><br>充實彼此兩小時的能量滿滿<br><br>在這裡，你是安全的，你可以是你！','TCFT01',4,'已上架','2018-01-29','2018-01-29','2018-03-30','2018-02-05',100,'/assets/activity/mission/6c0386e312fef2c21f24d0144903f242.jpg','台北市中山區復興北路2號8樓之5','{\"Link\": null, \"Transportation\": null}',NULL),(118,'【科技商學院】無差別流風格簡報工作坊 - 6堂課優惠套票',5,'各位好我是為你而讀Steve，在商業上常會遇到的工作挑戰就是如何做出讓客戶買單的銷售或行銷簡報，在公司內部則面臨如何提出讓老闆和同事都買單的企畫案或商業計劃。做簡報最大的目的就是要說服你的聽眾採去行動，如果你的簡報做得太簡單沒有細節，客戶可能會覺得你不用心或者不專業，他就不想和你購買你公司的產品或服務，因為客戶覺得你不了解我。如果你的簡報做得太花俏沒有重點，老闆可能覺得你不知所云，因為我時間有限。那到底該如何做出一份好的簡報呢?<br><br>另外我們在職場上都會換工作，如果你是從事銷售行銷的工作，你有可能會換客戶或換市場，如果你在一家公司待了一段時間你也會往上晉升，這時候你的簡報對象可能會是總經理或國外老闆，甚至還需要用英文簡報，所以隨著不同的工作年資和經驗，你所要面對的簡報對象都會不一樣，所以隨時訓練自己換位簡報思考很重要。<br><br>大家也都知道，簡報最痛苦的部份就是準備資料，花了很多時間收集完資料了，但如何才能透過有邏輯的架構，讓你想溝通的對象聽得下去呢? 或者另外一種常見狀況，就像我過去二十年的工作經驗一樣，客戶突然只有給你三天的時間準備對他們公司的簡報提案企劃，但是你從客戶那邊得到的資訊卻不完整且非常破碎，那你如何在這麼短的時間蒐集到對的資訊，透過有系統有組織的方式設計你的簡報。所以簡報就有點像是在準備料理一樣，你必須花很多時間準備食材和調味料，才能面面俱到最後，但有時候你有會遇到食材不夠的問題，如何根據要吃的對象決定你的料理手法。如果吃飯的對象是一個健康比較差的家人，料理的目的在於提供一盤健康的料理給你的人家人，所以料理的手法必須低油少鹽。如果你的目的是宴請客人，也許你必須綜合煎、煮、炒、炸不同料理手法端出一套令人驚艷的家常私房菜。所以準備簡報就像在準備食譜一樣，你必須針對不同的對象決定你蒐集到的簡報素材該如何整理，在這風格簡報工作坊中，我會帶大家一起透過6個晚上結合這6本書，學習各家不一樣的簡報思考邏輯。<br><br>這堂課大家可以學到三個工作上最重要的簡報技巧<br><br>1. 如何快速準備你的簡報素材<br><br>2. 如何快速設計你的簡報架構<br><br>3. 如何有效表達你的簡報資料<br><br>','TCFT01',4,'已上架','2018-01-29','2018-01-29','2018-03-17','2018-02-05',150,'/assets/activity/mission/ebec82162387a5dd4b1b9ae3a8ead41c.jpg','台北市大安區安和路一段127巷29弄5號 ','{\"Link\": null, \"Transportation\": null}',NULL),(119,'【科技商學院】2月份風格簡報工作坊 - 哈佛的視覺圖表術',6,'《哈佛商業評論》資料視覺化專家史考特．貝里納托提出，視覺化已成為世界的共通語言，資料圖表也是最有效率、最有說服力的溝通工具，更是每個人最該學，也最該必備的新語言與技能，你可以不必說一句話就能讓人秒懂，但該怎麼做？ 在這場讀書會我們會帶大家知道各種製作圖表簡報的工作和技巧。<br><br>如何做出一張高說服力的好圖表─<br><br>分享大綱<br><br><br>◎什麼是做出好圖表的兩個問題和四種簡報思考象限： <br>1. 這是屬於「概念」或「數據」的資訊？ <br>2. 我是要「陳述」或「探索」某件事情？ <br><br><br>◎ 除了Excel，還有哪些視覺化工具可以製作圖表？ <br>除了各種圖表類型，我們還會教你書中列舉的19個視覺化工具幾種做法，幫你分析你的圖表優缺點','TCFT01',4,'已上架','2018-01-29','2018-01-29','2018-03-09','2018-02-05',50,'/assets/activity/mission/2cfeef56f2da62b05c7b4049fd7baa1b.jpg','台北市大安區安和路一段127巷29弄5號','{\"Link\": null, \"Transportation\": null}',NULL),(120,'【科技商學院】金融財會資料分析師基礎先修班',6,'微軟 Power BI 是一套國內外很流行的數據分析工具，它可以快速連接數以萬計的資料來源、快速簡化你的資料準備時間協助你產生工作需要的工作報表，讓你可以在 Web 上或你自己的手機之間使用。 <br><br> <br><br>你也可以從國外最新的未來工作研究報告或台灣大企業的職缺發現，「資料分析師」是未來最HOT的工作之一！平均薪水最高可到260萬台幣，本堂課將教你如何利用報表工具以挑戰更高薪水。<br><br>這堂課我們將帶你透過Excel的Power BI，來學習如何透過數據分析和視覺化報表進入資料分析師的第一步。Power BI是一套由Microsoft推出的商務分析報表工具，搭配工作上每天都需要的Excel試算表，你可以快速從一堆數據資料中挖掘出有意義的資訊，幾分鐘內就幫你做出視覺效果絕佳的出色報表，讓你的老闆和客戶刮目相看！ <br><br><br><br>我們科技學商院的教學宗旨在培養更多台灣跨領域的人才，所以本課程將結合數位資訊、商業管理和金融財務3種領域的專業知識，培養你在職場的競爭力。 <br><br><br><br>這堂課我們希望讓你上完課具備三個未來職場重要的能力<br><br>1. 如何培養自己用商業和財務的思考做數字分析 (數字分析力)<br><br>2. 利用國外最流行的數據分析工具快速美化你的工作報表 (數據報表力)<br><br>3. 培養看財務報表的問題分析能力 (財務分析力)','TCFT01',4,'已上架','2018-01-29','2018-01-29','2018-03-10','2018-02-05',50,'/assets/activity/mission/edab6e1716a3f09bce73e55d4cc4791e.jpg','台北市大安區敦化南路一段188號7樓','{\"Link\": null, \"Transportation\": null}',NULL),(121,'藝術對話的力量-看懂你的抽象揮灑',4,'藝術對話的力量<br>陪你看懂你的抽象揮灑<br><br><br>「走探索去藝術實驗室」<br>https://www.facebook.com/LetsExploreArtLaboratory/...<br>跟著「走探索去藝術實驗室」在藝術家們的腳步中，一同在體驗創作中舒壓，<br>並看見自己內在的韻律，一起探討藝術與你情緒與潛意識的力量。','TCFT01',4,'已上架','2018-03-09','2018-03-09','2018-06-07','2018-03-09',50,'/assets/activity/mission/e874e804da21b0ee3f1aadd688316b8e.jpg','台北市北投區新生南路三段16-1號2樓','{\"Link\": null, \"Transportation\": null}',NULL),(122,'藝術對話的力量 陪你看懂你的抽象揮灑   「走探索去藝術實驗室」 ',5,'貌似實驗室打造系列兩堂課，導讀與實戰研討，為行銷人、媒體人、SOHO工作者、在創業路上的你，破除財務判讀迷思，讓你的行銷策略更有效益！','TCFT01',4,'已上架','2018-03-09','2018-03-09','2018-05-16','2018-03-09',100,'/assets/activity/mission/ed407bf032e80c0305971d571b44d6ea.jpg','新北市三峽區和平東路二段265巷3號','{\"Link\": null, \"Transportation\": null}',NULL),(123,'【鋒哥導讀】原來有錢人都這麼做：學習富人的致富之道',6,'【導讀者】：李柏鋒<br><br>USA STOCK 部落格作者<br>https://www.businessweekly.com.tw/blogarticle.aspx?id=0000000027專欄作者<br>Money錢雜誌美股專欄作者<br>Money錢雜誌2016年10月號封面人物（https://goo.gl/cYdgzv）<br>鏡週刊2016年12月29日理財專題採訪（https://goo.gl/0uZOMd）<br>曾任 PTT 保險版、全方位理財投資版、海外投資版版主<br>曾任 MoneyDJ 網站 ETF、美股頻道與《XQ 全球贏家》產品經理<br>線上課程【小資族理財的第一堂入門課】講師<br><br><br>【為什麼辦導讀？】<br><br>每一場導讀所選的書，都是將書重複閱讀超過十次以上，能看這麼多次的書，都是很經典的好書。<br><br>每一場導讀的準備，都額外再參考五本以上的相關書籍，將內容補充得更完整。<br><br>這就是為什麼有參與者說，雖然他讀完了書才來讀書會，但是他聽到的像是另一本完全不同的書。<br><br>這就是為什麼有參與者說，他很難讀完一本書，就算讀完也不一定懂，但是他竟然聽完了一本投資的書，而且還聽懂了！<br><br>我不喜歡開投資課程，因為很多人只想聽明牌。<br><br>我喜歡導讀投資經典書籍，因為願意來聽的人都是喜歡學投資的人。<br><br>喜歡學投資的人會知道該把錢花在哪裡報酬率最高，而且成功的投資人沒有一個是不喜歡學習的！<br><br>來這裡，你不但會聽到我分享的所有學習收獲，你還能認識到其他熱愛學習的投資人！<br><br><br><br>【書籍資訊】<br><br>中文書名：原來有錢人都這麼做：效法有錢人的理財術，學習富人的致富之道<br>英文書名：The Millionaire Next Door<br>作者：湯瑪斯・史丹利, 威廉・丹柯<br>博客來購書連結：https://goo.gl/vAfKfd<br><br><br>【書籍大綱】<br><br>第一章 原來隔壁鄰居是個有錢人<br>第二章 真正有錢人的致富之道<br>第三章 花時間和精力做財務規劃<br>第四章 那只是一輛車，不是你<br>第五章 富二代的金錢觀念<br>第六章 注意！不要養出啃老族<br>第七章 找到利基讓自己邁向有錢之路<br>第八章 慎選職業，輕鬆做有錢人<br><br><br><br>【導讀摘要】<br><br>致富的七大元素<br><br>　　富人們通常遵循一種能夠幫助他們累積財富的方式生活。在調查過程中發現，這些有錢人有七大共同特性：<br><br>　　1. 有錢人會量入為出。<br>　　2. 有錢人能有效分配時間、精力、金錢，以達到建立財富的目標。<br>　　3. 有錢人相信經濟獨立比展現崇高社會地位更加重要。<br>　　4. 有錢人的父母並不提供經濟上的後盾。<br>　　5. 有錢人的成年子女在經濟上能夠自給自足。<br>　　6. 有錢人對掌握市場機會很有經驗。<br>　　7. 有錢人選對了職業。<br><br><br><br>【這場導讀適合哪些人？】<br><br>對開始投資有興趣的人<br>投資一段時間後，想更深入了解的人<br>投資經驗豐富，願意一起來跟大家分享的人<br><br><br>【這場導讀不適合哪些人？】<br><br>想聽明牌的人<br>懶得學習投資的人<br>不想投資的人<br><br><br>【以往讀書會參與者心得】<br><br>專業投資人蕭輔彥：一本好書，配上高手來導讀，真是覺得賺到了！三小時的詳細解說，只收費這樣的費用，我真的覺得柏鋒兄是佛心來的！<br>教育專欄作家謝宇程：感謝柏鋒兄，無論推薦這本書，還是這場價值極高、有架構、有系統、深刻而且嚴謹的導讀。如果說這場導讀有什麼讓我意外，就是它竟然不是坐無虛席/座位秒殺/人山人海。','TCFT01',4,'已上架','2018-03-09','2018-03-09','2018-05-16','2018-03-09',50,'/assets/activity/mission/ef9deb13d463236757fbdc4a53af3f0d.jpg','新北市坪林區復興北路154號9樓','{\"Link\": null, \"Transportation\": null}',NULL),(124,'2018/04/12(四)『一日易經班』課程《6小時教你如何讀懂易經》#第237場',6,'大部分人的思考，往往只停留在一個層次，無法向上提升。而《易經》是多層次思考，透過學習，讓人一層一層往上想。<br><br>這次的課程，屬於《易經》入門款，事實上，很少有老師願意從這裡開始啟蒙。只要踏進來這一步，你的基礎就能紮穩了，往後再跟任何大師學，都不會有障礙，無入而不自得。<br><br><br>『一日易經班』課程《6小時教你如何讀懂易經》<br>► 上課時間｜早上10:00至下午17:00<br><br>► 上課地點｜《曾仕強文化》重慶教室(台北市重慶南路一段57號8樓之14)<br><br>► 完成報名即贈易經的奧祕乙本，活動現場報到取書。','TCFT01',4,'已上架','2018-03-09','2018-03-09','2018-05-18','2018-03-09',30,'/assets/activity/mission/920c721771b4334a80a183df037cfd83.jpg','新北市中和區重慶南路一段57號8樓之14','{\"Link\": null, \"Transportation\": null}',NULL),(125,'藝術對話的力量-看懂你的抽象揮灑',4,'藝術對話的力量<br>陪你看懂你的抽象揮灑<br><br><br>「走探索去藝術實驗室」<br>https://www.facebook.com/LetsExploreArtLaboratory/...<br>跟著「走探索去藝術實驗室」在藝術家們的腳步中，一同在體驗創作中舒壓，<br>並看見自己內在的韻律，一起探討藝術與你情緒與潛意識的力量。','TCFT01',4,'已上架','2018-03-09','2018-03-09','2018-06-07','2018-03-09',50,'/assets/activity/mission/e874e804da21b0ee3f1aadd688316b8e.jpg','台北市北投區新生南路三段16-1號2樓','{\"Link\": null, \"Transportation\": null}',NULL),(126,'ART TAINAN 2018 台南藝術博覽會',5,'作為開春後首場的藝博會，第六屆ART TAINAN 台南藝術博覽會將於3月16日至18日再度於大億麗緻酒店盛大登場。<br><br>呈獻51間來自台灣以及亞洲地區的優質畫廊，今年展出名單更勝以往，突破歷年來國外參展數量紀錄，展出近180位國內外優秀藝術家的創作，藝術品橫跨經典大師、中壯輩藝術家至年輕藝術家，類型囊括油畫、雕塑、繪畫、裝置、錄像以及攝影。<br>100 點<br>','ISHT01',1,'審核中','2018-03-11','2018-03-11','2018-03-24','2018-03-18',29,'/assets/activity/mission/44776acad74a837d6aa7701c0e87be7d.jpg','新北市板橋區西門路一段660號','{\"Link\": null, \"Transportation\": null}',NULL),(127,'內容行銷正流行,然後呢?',4,'內容是甚麼? 可以是一張相片, 一則圖文, 一篇FB貼文，一支影音或一部戲劇......., 只要能喚起消費者共鳴及分享的皆是好內容，但好內容如何產出, 若是品牌經營者, 又該如何設計出符合品牌精神與貼切消費者需求的內容? <br><br>內容產出後, 又該如何評估其效益?<br><br>我可能不會愛你、妹妹、一把青到今年的金鐘大贏家\"植劇場\", 戲劇本身就是內容, 也需要宣傳； 另一方面, 品牌也期望能藉由戲劇內容傳遞給受眾, 但又該如何結合,達到雙贏?<br><br>此課程將聚焦\"做中學\", 由上述戲劇的資深行銷達人\"蔡妃喬營運長\"親自帶你領略從無到有的內容生成, 成為真正的內容行銷導讀者!','ISHT01',1,'已下架','2018-03-11','2018-03-11','2018-04-28','2018-03-18',21,'/assets/activity/mission/1bffad50c67da5963f4683c0e03d7c79.jpg','台北市南港區金華街17號6樓','{\"Transportation\":null,\"Link\":null}',1),(128,'TEST',2,'tset','TCFT01',4,'已下架','2018-04-10','2018-04-10','2018-04-17','2018-04-17',20,'./assets/activity/mission/58e8eb104b6f7c4fb4ebca1071ad7adf.jpg','台北市中正區123','{\"Transportation\":null,\"Link\":\"https://www.youtube.com/watch?v=YQiFeKTHSj4\"}',0),(129,'TEST',1,'TEST','ISHT01',1,'已下架','2018-04-11','2018-04-11','2018-04-18','2018-04-18',1,'./assets/activity/mission/07564b4a8b5ab2956664f583f9e9b588.jpg','台北市中正區台灣','{\"Transportation\":null,\"Link\":null}',1),(130,'test',1,'test','ISHT01',1,'已下架','2018-04-13','2018-04-13','2018-04-20','2018-04-20',1,'./assets/activity/mission/e473361017a2add38d7df5c17bb828b3.png','台北市中正區test','{\"Transportation\":null,\"Link\":null}',1),(131,'test',1,'test','ISHT01',1,'審核中','2018-04-14','2018-04-12','2018-04-13','2018-04-13',1,'./assets/activity/mission/181a1fbd6c68db3d4de996576791a97a.png','新北市樹林區test','{\"Transportation\":null,\"Link\":null}',1),(132,'test',2,'test','TCFT01',4,'已下架','2018-04-17','2018-04-17','2018-04-24','2018-04-24',11,'./assets/activity/mission/af4fa1cf544f64f01bc24e29cf89da88.jpg','台北市中正區test','{\"Transportation\":null,\"Link\":\"https://www.youtube.com/watch?v=KRaWnd3LJfs\"}',0),(135,'【初夏\"螢\"好運】薰衣草森林 x Accupass 星空螢光微旅行',1,'Accupass限量親子活動｜馬丁農夫-莓滿的一天<br><br> 春神來了怎知道，草莓一吃就知道<br><br>北部的朋友有福了，Accupass讓你在城市裡採有機草莓！<br><br>內湖馬丁農夫-莓滿的一天『限時開團』<br><br>只有四個場次：3/17、4/1、4/14、4/28，能獨享與有機草莓為伍的農村生活<br><br><br><br>別再猶豫了！帶上你的今世情人、前世情人，一齊去郊遊。<br><br>','hlest001',7,'已上架','2018-04-19','2018-04-19','2018-07-01','2018-04-19',10,'./assets/activity/mission/e4c46e999b6b49bc1e92651fd977eff0.jpg','台北市南港區台中市新社區中和里中興街20號','{\"Transportation\":null,\"Link\":null}',0),(136,'【莓好食光季】馬丁農夫 x Accupass 莓滿的一天',1,'星空。螢光。森林<br>夜間最美的三重奏，為這個季節譜出最動人的旋律。<br><br>這次薰衣草森林 x Accupass 邀請您隨著螢火蟲飛向台中，<br><br>在森林裡和成群的螢火蟲翩翩起舞。<br><br>『限量開團』：4/10 - 5/10<br><br>螢火蟲輕輕飛舞，使螢光緩緩閃耀著大地，讓大地滿是希望。<br><br>在旅人的心中奏起，療癒輕盈的螢火蟲音符。','hlest001',7,'已上架','2018-04-19','2018-04-19','2018-07-01','2018-04-26',100,'./assets/activity/mission/ad4fcf8edc89dbc489ff19ac586bfd10.jpg','台北市南港區台北市內湖區碧山路38號 ','{\"Transportation\":null,\"Link\":null}',1),(137,'自然裡藏真功夫，兩大宗師話風土',2,'回到自然的釀酒哲學<br>自然生長、野生酵母發酵、極低二氧化硫甚至毫無添加⋯⋯種種的自然酒定義，其實都環繞在「排除人為因素」的原則！<br><br>優異的葡萄無需太多後天的妝點，便能呈現一期一會的氣候、土壤甚至是年份風格<br><br>當我們重新聚焦在天地風土<br><br>自然酒便不僅是一個葡萄酒類型，而是一種哲學！<br><br>而釀酒師，在這諾大的天地間究竟能扮演什麼樣的角色？<br><br>','hlest001',7,'已上架','2018-04-19','2018-04-19','2018-07-01','2018-04-26',50,'./assets/activity/mission/a50c13cc2dbcd2806af5659998cd4f3d.jpg','台北市文山區台北市南京東路三段119號3樓','{\"Transportation\":null,\"Link\":\"https://www.youtube.com/watch?v=8TbAPjuou6E\"}',0),(138,'【流浪ing】帶一本自己看不懂的書回台灣',3,'一本自己看不懂的書回台灣<br><br>東南亞書店「望見書間」張正發起了「帶一本自己看不懂的書回台灣」運動。<br><br>什麼書？主要是東南亞文字書籍，類別不拘。新書好，二手書也很好。<br><br>為什麼要這麼做？讓台灣的東南亞移民移工有書可讀。至於讀書的好處，就不在這裡多說了。','hlest001',7,'已上架','2018-04-19','2018-04-19','2018-07-01','2018-04-26',10,'./assets/activity/mission/d7735f822e9621bd108993be02d75d66.jpg','台北市文山區台北市大安區溫州街74巷3弄2號1樓','{\"Transportation\":\"步行\",\"Link\":null}',1),(139,'5/19(六)餐桌孩子王｜親子餐桌禮儀學習營(加開場)',4,'課程時間：5/19(六)12:30-15:00(中場不休息) 台北花園大酒店 限量加開場<br><br>(名額有限，舊學員、繳費完成異動課程學員、付費完成新學員優先預約)<br><br>講師：JLB 國際形象管理顧問公司 CEO Jessie Lin Brown　深根台灣職場教育國際權威講師<br><br>講座對象：<br><br>6歲以上歲兒童<br><br>家長','hlest001',7,'已上架','2018-04-20','2018-04-20','2018-07-01','2018-04-27',10,'./assets/activity/mission/5d7aa255cec99044aa850fb97bed63e3.jpg','台北市文山區台北市中華路二段 1 號 (台北花園大酒店)','{\"Transportation\":null,\"Link\":null}',1),(140,'修光補影-光影修復師(親子班)',5,'清潔、黏合、裌裱<br>讓小朋友動手學「光影修護術」！<br><br><br>新板藝廊「MED#161時光保物Touch and Time Open Studio－修光補影」，以「開放修護室」及「參與學習」為概念，推廣文物保存與修護概念。這次我們以攝影文物修護為主軸，帶領大小朋友深入淺出一探光影修護師的獨門秘技！<br><br>這次我們邀請到專業的紙質修護師陳宜柳老師，透過探索、體驗、遊戲等方式，瞭解老照片的特性，以及保存環境，我們可以更妥善的修護和保存重要的片刻，讓這些美好時光和感動更長久的陪伴我們！','hlest001',7,'已上架','2018-04-20','2018-04-20','2018-07-01','2018-04-27',100,'./assets/activity/mission/ab8571179c72f527117b1c1ad9357cf5.jpg','台北市大同區新北市板橋區漢生東路166號3樓 (國鼎大樓 3樓)','{\"Transportation\":null,\"Link\":null}',1),(141,'TREE山野-親子攀樹野餐趣體驗活動',5,'近自然是戶外，親子攜手共享愛<br><br>《TREE山野-親子攀樹野餐趣體驗活動》<br>每個人，本就保有一顆好奇心，攀爬更是每個大朋友小朋友與生俱來的一種天性，<br>現在就讓TREE山野帶著大朋友小朋友<br>一同張開雙眼，看看大樹的美好<br>一同開啟雙耳，細細聆聽是誰在唱歌<br>一同張開雙手，感受樹木的強壯<br>一同撐起雙腳，站在樹梢間乘涼','hlest001',7,'已上架','2018-04-20','2018-04-20','2018-07-01','2018-04-26',50,'./assets/activity/mission/b07fe9941279a9a8056e9276db6decd2.jpg','台北市南港區320桃園市中壢區中山東路三段414號','{\"Transportation\":null,\"Link\":null}',0),(142,'兒童專注訓練週末班 (7~12歲親子)- 4/22新班開課',5,'兒童專注訓練週末班<br> *** 4/22~6/24 週日上午基礎班開課,  開放報名,  <br><br>請至協會網站報名 http://www.ctpa.org.tw/712kids201803.html ***<br><br>專注力，是每個孩子都要鍛鍊的關鍵能力！<br><br>全方位多元趣味 ==> 讓孩子積極主動地投入訓練課程<br>訓練規畫內容完整 ==> 注意力訓練＋執行力訓練','hlest001',7,'已上架','2018-04-20','2018-04-20','2018-07-01','2018-04-27',30,'./assets/activity/mission/09f5a804c722e61d73ea6459fd319ad6.jpg','台北市南港區台北市內湖路一段597號2樓 (捷運港墘站對面)','{\"Transportation\":null,\"Link\":null}',1),(143,'【初夏\"螢\"好運】大山北月 x Accupass 螢光藝術手作小旅行',6,'青蛙是許多人童年的美好回憶，但是，你了解青蛙嗎？今年阿里磅生態農場 x Accupass活動通要你知道：青蛙如何唱歌？青蛙如何喝水？青蛙可以跳多遠？青蛙如何吃東西？青蛙在水中如何呼吸？青蛙多久換一次衣服？各種蛙蛙小知識！','hlest001',7,'已上架','2018-04-20','2018-04-20','2018-07-01','2018-04-27',50,'./assets/activity/mission/540c1b6aeb9f36e2483a48ac2b8a9060.jpg','新北市石門區阿里磅84號','{\"Transportation\":null,\"Link\":null}',1),(144,'[Accupass活動好場地] 盈創中心',2,'盈創中心報到區<br><br>除此之外，「盈創中心」不像一般傳統的傳統教室，不僅燈光美氣氛佳還配備了高階廣播音響、超大螢幕投影機、咖啡、飲水機等完善設備，最多可容納130人以上，是台北市中心難得的團體聚會場地。<br><br>談起盈創中心的來歷，「盈創聯合」的執行長趙先之幽默地說道：「因為自己一直以來都很愛舉辦演講活動，但礙於台北市地狹人稠常常找不到理想的場地，於是有了乾脆自己打造一個半活動場地的想法。」原來趙先生不僅活動策展經驗豐富，更曾任知名廣告公司李奧貝納 ARC 副總監。「盈創聯合」的子品牌除了有提供活動場地的「盈創中心」外，還包含了其他各式樣與學習、商務相關的品牌，甚至還跨足了手機殼的販售。','TCFT01',4,'已上架','2018-04-20','2018-04-20','2018-04-27','2018-04-27',50,'./assets/activity/mission/f21db08d8ed98aa70e78c1a6645aba50.jpg','台北市內湖區長春路366號5樓','{\"Transportation\":null,\"Link\":\"https://www.youtube.com/watch?v=8TbAPjuou6E\"}',0),(145,'[Accupass活動好場地] 盈創中心',2,'盈創中心報到區<br><br>除此之外，「盈創中心」不像一般傳統的傳統教室，不僅燈光美氣氛佳還配備了高階廣播音響、超大螢幕投影機、咖啡、飲水機等完善設備，最多可容納130人以上，是台北市中心難得的團體聚會場地。<br><br>談起盈創中心的來歷，「盈創聯合」的執行長趙先之幽默地說道：「因為自己一直以來都很愛舉辦演講活動，但礙於台北市地狹人稠常常找不到理想的場地，於是有了乾脆自己打造一個半活動場地的想法。」原來趙先生不僅活動策展經驗豐富，更曾任知名廣告公司李奧貝納 ARC 副總監。「盈創聯合」的子品牌除了有提供活動場地的「盈創中心」外，還包含了其他各式樣與學習、商務相關的品牌，甚至還跨足了手機殼的販售。','TCFT01',4,'已上架','2018-04-20','2018-04-20','2018-04-27','2018-04-27',50,'./assets/activity/mission/cdb11cd9eb7ac9a253ec3c4441a56651.jpg','台北市內湖區長春路366號5樓','{\"Transportation\":null,\"Link\":\"https://www.youtube.com/watch?v=8TbAPjuou6E\"}',0),(146,'餐桌禮儀',1,'孩子重要的一刻<br>大人一起學<br>餐桌禮儀<br>高貴不貴精彩課程，一天升級核心軟實力，台北花園酒店見!','ISHT01',1,'已上架','2018-04-24','2018-04-24','2018-05-17','2018-05-01',100,'./assets/activity/mission/cb0be4ff797b61f88026a3a61001082b.jpg','台北市大同區台北花園酒店','{\"Transportation\":null,\"Link\":null}',0),(147,'餐桌禮儀',1,'孩子重要的一刻<br>大人一起學<br>餐桌禮儀<br>高貴不貴精彩課程，一天升級核心軟實力，台北花園酒店見!','ISHT01',1,'已上架','2018-04-24','2018-04-24','2018-05-17','2018-05-01',100,'./assets/activity/mission/678a4b5b0663ffb3fd528fae3b992826.jpg','台北市大同區台北花園酒店','{\"Transportation\":null,\"Link\":null}',0),(148,'森林裡的木採集-磨菇/栗子/櫻鳥手雕豆皿',2,'森林裡的栗子樹與橡實樹結出美味的果實，<br>成為松鼠們的餐桌料理。<br>依附在大樹下落葉堆裡的蘑菇孢子，<br>在雨後迅速的長成圓潤飽滿的蘑菇。<br>鳥兒在樹上築巢，好天氣的時候，<br>便會聚集起來在枝頭歡唱。<br>將森林裡的美好採集起來，<br>成為家中美味的餐桌風景吧!','hlest001',7,'已上架','2018-04-26','2018-04-26','2018-07-01','2018-05-03',10,'./assets/activity/mission/38550ef0ad419a3322822c03c83b9a34.jpg','台北市大同區華山1914文創園區 (中3A館 (位於Fab cafe 旁))','{\"Transportation\":null,\"Link\":\"https://www.youtube.com/watch?v=T5bUTwGDu5k\"}',1),(149,'[Accupass活動好場地] 藝食酒',2,'由三個好姐妹一起創立的「藝食酒」靜靜地聳立在南京東路上，推開門小小的樓提向上延伸，空氣中散發著都市中難得的神秘幽靜氣息，其實這裡是一整棟的藝文空間。二樓的「璞斟酒窖」低調而奢華、三樓「藝食酒藝文空間」簡約白淨、四樓「狐偲私廚」則流露出濃濃的歐式鄉村情懷。','hlest001',7,'已上架','2018-04-26','2018-04-26','2018-05-03','2018-04-26',100,'./assets/activity/mission/3f7d3fe7f926ccfd73be9b1db015b01a.jpg','台北市松山區南京東路三段119號2-4樓','{\"Transportation\":null,\"Link\":\"https://www.youtube.com/watch?v=8TbAPjuou6E\"}',1),(150,'藝術對話的力量-看懂你的抽象揮灑',4,'藝術對話的力量<br>陪你看懂你的抽象揮灑<br><br><br>「走探索去藝術實驗室」<br>https://www.facebook.com/LetsExploreArtLaboratory/...<br>跟著「走探索去藝術實驗室」在藝術家們的腳步中，一同在體驗創作中舒壓，<br>並看見自己內在的韻律，一起探討藝術與你情緒與潛意識的力量。','ISHT01',1,'已上架','2018-03-09','2018-03-09','2018-06-07','2018-03-09',50,'/assets/activity/mission/e874e804da21b0ee3f1aadd688316b8e.jpg','台北市北投區新生南路三段16-1號2樓','{\"Link\": null, \"Transportation\": null}',1),(151,'【阿薩布魯聊書會】第十場 04/03(二)《美感京都:李清志的京都美學》',3,'【為什麼叫阿薩布魯聊書會呢？】<br>因為希望是跨領域的閱讀交流，不限閱讀分享同一本書籍，將選擇書這件事交回給個人自己，讓自己回歸為學習的主導者，運用交流的形式來進行多角度的思維交流，所以才叫阿薩布魯聊書會。<br><br>【聊書的收穫】<br><br>吸收主持人分享該本書的精華。更他人分享了解每個人對於相關主題的角度觀點、內容知識。經由與他人分享表達將學習再一次整理內化。認識喜歡閱讀學習的朋友。','ISHT01',1,'已上架','2018-03-09','2018-03-09','2018-05-16','2018-03-09',50,'/assets/activity/mission/7f08c8ac425e34c8547af4e361016b1e.jpg','台北市南港區南京東路二段72號9樓','{\"Link\": null, \"Transportation\": \"火車\"}',1),(152,'藝術對話的力量 陪你看懂你的抽象揮灑   「走探索去藝術實驗室」 ',5,'貌似實驗室打造系列兩堂課，導讀與實戰研討，為行銷人、媒體人、SOHO工作者、在創業路上的你，破除財務判讀迷思，讓你的行銷策略更有效益！','ISHT01',1,'已上架','2018-03-09','2018-03-09','2018-05-16','2018-03-09',100,'/assets/activity/mission/ed407bf032e80c0305971d571b44d6ea.jpg','新北市三峽區和平東路二段265巷3號','{\"Link\": null, \"Transportation\": null}',NULL),(153,'【RFY生活學院】4月份早餐讀書會 - FIND YOUR WHY',5,'《Find Your Why》接續暢銷書《先問，為什麼？》的黃金圈理論，教你如何更佳地應用，於工作中找到更多靈感，並反過來啟發周遭的人事物！ <br>作者賽門‧西奈克，相信成就感是一種權利而非特權。每個人都被賦予早晨醒來點燃一天工作鬥志的能力，在有安全感的工作崗位上，最後滿足地回到家結束一天。由精確理解我們「為什麼」做這些事的動機與原因，來達成那種滿足的成就感、激勵自我持續走下去的熱情和動能。 <br>隨著黃金圈理論紅遍世界，更進一步思考，該如何應用《先問，為什麼？》知識在個人事業、團隊、公司甚至非營利事業中？《Find Your Why》將解答每個不同階段的詳細練習、圖解與行動步驟，協助你定位所有大小要事，例如： <br>●如果我的動機和競爭對手一樣？ <br><br>●我可以擁有多個動機嗎？ <br><br>●如果我的工作和動機不符，我該怎麼做？ <br><br>●如果我的團隊不苟同我們的目標與動機？ <br><br>不論你是社會新鮮人、團隊領導者、或是公司執行長，透過本書的練習，將幫助你走向成功之路及完成人生使命。 <br><br><br>活動優惠▶250元票價含一杯咖啡或紅茶','ISHT01',1,'已上架','2018-03-09','2018-03-09','2018-05-16','2018-03-09',30,'/assets/activity/mission/ca22abe47478313a6c747d1393f20259.jpg','台北市大安區安和路一段127巷29弄5號','{\"Link\": null, \"Transportation\": null}',1),(154,'藝術對話的力量 陪你看懂你的抽象揮灑   「走探索去藝術實驗室」 ',5,'貌似實驗室打造系列兩堂課，導讀與實戰研討，為行銷人、媒體人、SOHO工作者、在創業路上的你，破除財務判讀迷思，讓你的行銷策略更有效益！','ISHT01',1,'已上架','2018-03-09','2018-03-09','2018-05-16','2018-03-09',100,'/assets/activity/mission/ed407bf032e80c0305971d571b44d6ea.jpg','新北市三峽區和平東路二段265巷3號','{\"Link\": null, \"Transportation\": null}',NULL),(155,'[Accupass活動好場地] 藝食酒',2,'由三個好姐妹一起創立的「藝食酒」靜靜地聳立在南京東路上，推開門小小的樓提向上延伸，空氣中散發著都市中難得的神秘幽靜氣息，其實這裡是一整棟的藝文空間。二樓的「璞斟酒窖」低調而奢華、三樓「藝食酒藝文空間」簡約白淨、四樓「狐偲私廚」則流露出濃濃的歐式鄉村情懷。','ISHT01',1,'已上架','2018-03-09','2018-03-09','2018-06-14','2018-03-09',150,'/assets/activity/mission/eaa21e4759fc2415f3dc7c3fd2872809.jpg','台北市松山區南京東路三段119號2-4樓','{\"Link\": \"https://www.youtube.com/watch?v=8TbAPjuou6E\", \"Transportation\": null}',NULL),(156,'2018/04/12(四)『一日易經班』課程《6小時教你如何讀懂易經》#第237場',6,'大部分人的思考，往往只停留在一個層次，無法向上提升。而《易經》是多層次思考，透過學習，讓人一層一層往上想。<br><br>這次的課程，屬於《易經》入門款，事實上，很少有老師願意從這裡開始啟蒙。只要踏進來這一步，你的基礎就能紮穩了，往後再跟任何大師學，都不會有障礙，無入而不自得。<br><br><br>『一日易經班』課程《6小時教你如何讀懂易經》<br>► 上課時間｜早上10:00至下午17:00<br><br>► 上課地點｜《曾仕強文化》重慶教室(台北市重慶南路一段57號8樓之14)<br><br>► 完成報名即贈易經的奧祕乙本，活動現場報到取書。','ISHT01',1,'已上架','2018-03-09','2018-03-09','2018-05-18','2018-03-09',30,'/assets/activity/mission/920c721771b4334a80a183df037cfd83.jpg','新北市中和區重慶南路一段57號8樓之14','{\"Link\": null, \"Transportation\": null}',NULL),(157,'3D列印 ',5,'使用3D列印 完成一件作品','hlest001',7,'已上架','2018-04-30','2018-04-30','2018-05-31','2018-04-30',100,'./assets/activity/mission/d13f2bb41dfa08d8b77a823f1fec0297.jpg','新北市永和區秀朗國小','{\"Transportation\":null,\"Link\":null}',1),(158,'3D 列印 TEST',5,'上傳3D列印的作品','hlest001',7,'已上架','2018-04-30','2018-04-30','2018-05-07','2018-04-30',100,'./assets/activity/mission/fbe38358ac88fa834d638a23ec31ab9c.jpg','新北市永和區秀朗國小','{\"Transportation\":null,\"Link\":null}',0),(159,'環保任務 TEST',6,'我們的地球被大量的垃圾所佔據<br><br>需要你的幫助<br><br>使用可回收再利用的資源<br><br>創造一個作品<br><br>上傳作品照片<br><br>成為拯救地球復仇者聯盟','hlest001',7,'已上架','2018-04-30','2018-04-30','2018-05-07','2018-04-30',200,'./assets/activity/mission/ae91a727b193e6318a8413b1c8de7ca3.jpg','新北市永和區秀朗國小','{\"Transportation\":null,\"Link\":null}',0);
/*!40000 ALTER TABLE `web_mission` ENABLE KEYS */;
UNLOCK TABLES;

--
-- Table structure for table `web_mission_join`
--

DROP TABLE IF EXISTS `web_mission_join`;
/*!40101 SET @saved_cs_client     = @@character_set_client */;
/*!40101 SET character_set_client = utf8 */;
CREATE TABLE `web_mission_join` (
  `id` int(11) NOT NULL AUTO_INCREMENT COMMENT '索引值',
  `missionid` int(11) NOT NULL COMMENT '任務ID',
  `studentusername` varchar(100) NOT NULL COMMENT '學生帳號',
  `experience` varchar(6000) DEFAULT NULL COMMENT '心得內容',
  `picture` varchar(10000) DEFAULT NULL COMMENT '心得圖片',
  `applytime` datetime NOT NULL COMMENT '任務申請時間',
  `executedate` date DEFAULT NULL COMMENT '任務執行時間',
  `submittime` datetime DEFAULT NULL COMMENT '心得提交時間',
  `verifytime` datetime DEFAULT NULL COMMENT '任務審核通過時間',
  `verifyusername` varchar(100) DEFAULT NULL COMMENT '任務審核者',
  `verifyexp` varchar(1000) DEFAULT NULL,
  `returnexp` longtext CHARACTER SET utf8mb4 COLLATE utf8mb4_bin DEFAULT NULL,
  `sendtime` datetime DEFAULT NULL COMMENT '發放點數時間',
  `sendusername` varchar(100) DEFAULT NULL COMMENT '發放點數者',
  `status` varchar(10) NOT NULL COMMENT '任務狀態',
  `missionspecial` longtext CHARACTER SET utf8mb4 COLLATE utf8mb4_bin DEFAULT NULL COMMENT '因應任務類別需求的特殊欄位',
  `signaturestatus` varchar(10) DEFAULT NULL,
  `signaturedate` datetime DEFAULT NULL,
  `signatureremark` varchar(100) DEFAULT NULL,
  PRIMARY KEY (`id`)
) ENGINE=InnoDB AUTO_INCREMENT=86 DEFAULT CHARSET=utf8;
/*!40101 SET character_set_client = @saved_cs_client */;

--
-- Dumping data for table `web_mission_join`
--

LOCK TABLES `web_mission_join` WRITE;
/*!40000 ALTER TABLE `web_mission_join` DISABLE KEYS */;
/*!40000 ALTER TABLE `web_mission_join` ENABLE KEYS */;
UNLOCK TABLES;

--
-- Table structure for table `web_mission_type`
--

DROP TABLE IF EXISTS `web_mission_type`;
/*!40101 SET @saved_cs_client     = @@character_set_client */;
/*!40101 SET character_set_client = utf8 */;
CREATE TABLE `web_mission_type` (
  `id` int(11) NOT NULL AUTO_INCREMENT COMMENT '索引值',
  `missiontype` varchar(100) NOT NULL COMMENT '任務型態',
  PRIMARY KEY (`id`)
) ENGINE=InnoDB AUTO_INCREMENT=7 DEFAULT CHARSET=utf8;
/*!40101 SET character_set_client = @saved_cs_client */;

--
-- Dumping data for table `web_mission_type`
--

LOCK TABLES `web_mission_type` WRITE;
/*!40000 ALTER TABLE `web_mission_type` DISABLE KEYS */;
INSERT INTO `web_mission_type` VALUES (1,'展演任務'),(2,'影片任務'),(3,'旅遊任務'),(4,'運動任務'),(5,'美術任務'),(6,'環保任務');
/*!40000 ALTER TABLE `web_mission_type` ENABLE KEYS */;
UNLOCK TABLES;

--
-- Table structure for table `web_permission`
--

DROP TABLE IF EXISTS `web_permission`;
/*!40101 SET @saved_cs_client     = @@character_set_client */;
/*!40101 SET character_set_client = utf8 */;
CREATE TABLE `web_permission` (
  `type` int(11) NOT NULL AUTO_INCREMENT COMMENT '登入身分／索引值',
  `tablename` varchar(100) NOT NULL,
  `missioncreate` tinyint(1) NOT NULL COMMENT '是否可以新增',
  `missionupdate` tinyint(1) NOT NULL COMMENT '是否可以編輯',
  `missionread` tinyint(1) NOT NULL COMMENT '是否可以讀取',
  `missionapply` tinyint(1) NOT NULL COMMENT '是否可以申請參加任務',
  `expverify` tinyint(1) NOT NULL COMMENT '是否可以審核任務',
  `expturnback` tinyint(1) NOT NULL COMMENT '是否可以退回任務',
  `expread` tinyint(1) NOT NULL COMMENT '是否可以檢視心得',
  `expwrite` int(11) NOT NULL COMMENT '是可以填寫心得',
  `exponlyread` tinyint(1) NOT NULL COMMENT '是不是只能讀取心得',
  `pointsend` tinyint(1) NOT NULL COMMENT '是否可以發送點數（後台）',
  `accountedit` tinyint(1) NOT NULL COMMENT '是否可以編輯帳號資料（後台）',
  `accountcreate` tinyint(1) NOT NULL COMMENT '是否可以新增帳號（後台）',
  `accountdelete` tinyint(1) NOT NULL COMMENT '是否可以刪除帳號資料（後台）',
  `missiondelete` tinyint(1) NOT NULL COMMENT '是否可以刪除（後台）',
  `setcarousel` tinyint(1) NOT NULL COMMENT '是否可以設定輪播圖（後台）',
  `enterdashboard` tinyint(1) NOT NULL COMMENT '是否可以進入後台',
  PRIMARY KEY (`type`)
) ENGINE=InnoDB AUTO_INCREMENT=6 DEFAULT CHARSET=utf8;
/*!40101 SET character_set_client = @saved_cs_client */;

--
-- Dumping data for table `web_permission`
--

LOCK TABLES `web_permission` WRITE;
/*!40000 ALTER TABLE `web_permission` DISABLE KEYS */;
INSERT INTO `web_permission` VALUES (1,'student',0,0,1,1,0,0,1,1,0,0,0,0,0,0,0,0),(2,'teacher',1,1,1,0,1,1,1,0,1,0,0,0,0,0,1,1),(3,'volunteer',1,1,1,0,1,1,1,0,1,0,0,0,0,0,1,1),(4,'admin',0,0,0,0,0,0,1,0,1,1,1,1,1,1,1,1),(5,'store',0,0,0,0,0,0,0,0,0,0,0,0,0,0,0,0);
/*!40000 ALTER TABLE `web_permission` ENABLE KEYS */;
UNLOCK TABLES;

--
-- Table structure for table `web_record`
--

DROP TABLE IF EXISTS `web_record`;
/*!40101 SET @saved_cs_client     = @@character_set_client */;
/*!40101 SET character_set_client = utf8 */;
CREATE TABLE `web_record` (
  `id` int(11) NOT NULL AUTO_INCREMENT COMMENT '索引值',
  `recordstudent` varchar(100) NOT NULL COMMENT '兌換學生帳號',
  `recordpoint` int(11) NOT NULL COMMENT '兌換後所剩點數',
  `recordcost` int(11) NOT NULL COMMENT '花費點數',
  `recordstore` varchar(100) NOT NULL COMMENT '兌換店家帳號',
  `recordtime` datetime NOT NULL COMMENT '兌換時間',
  PRIMARY KEY (`id`)
) ENGINE=InnoDB AUTO_INCREMENT=23 DEFAULT CHARSET=utf8;
/*!40101 SET character_set_client = @saved_cs_client */;

--
-- Dumping data for table `web_record`
--

LOCK TABLES `web_record` WRITE;
/*!40000 ALTER TABLE `web_record` DISABLE KEYS */;
/*!40000 ALTER TABLE `web_record` ENABLE KEYS */;
UNLOCK TABLES;

--
-- Table structure for table `web_store`
--

DROP TABLE IF EXISTS `web_store`;
/*!40101 SET @saved_cs_client     = @@character_set_client */;
/*!40101 SET character_set_client = utf8 */;
CREATE TABLE `web_store` (
  `username` varchar(100) NOT NULL,
  `name` varchar(100) NOT NULL,
  `tel` varchar(50) DEFAULT NULL,
  `storeaddr` varchar(100) DEFAULT NULL COMMENT '店家地址',
  `storeadmin` varchar(100) DEFAULT NULL COMMENT '店家負責人',
  `storeein` varchar(100) DEFAULT NULL COMMENT '店家統一編號',
  `picture` varchar(10000) DEFAULT NULL,
  PRIMARY KEY (`username`)
) ENGINE=InnoDB DEFAULT CHARSET=utf8;
/*!40101 SET character_set_client = @saved_cs_client */;

--
-- Dumping data for table `web_store`
--

LOCK TABLES `web_store` WRITE;
/*!40000 ALTER TABLE `web_store` DISABLE KEYS */;
INSERT INTO `web_store` VALUES ('a001','好好吃棺材板店','0909090999','台中市北區三民路三段127號','王大大','8177818',NULL);
/*!40000 ALTER TABLE `web_store` ENABLE KEYS */;
UNLOCK TABLES;

--
-- Table structure for table `web_student`
--

DROP TABLE IF EXISTS `web_student`;
/*!40101 SET @saved_cs_client     = @@character_set_client */;
/*!40101 SET character_set_client = utf8 */;
CREATE TABLE `web_student` (
  `username` varchar(100) NOT NULL COMMENT '帳號、索引值',
  `name` varchar(100) NOT NULL COMMENT '學生姓名',
  `groupid` int(11) NOT NULL COMMENT '學生歸屬社福單位',
  `tel` varchar(50) DEFAULT NULL,
  `gender` varchar(2) DEFAULT NULL COMMENT '學生性別',
  `picture` varchar(10000) DEFAULT NULL COMMENT '學生大頭貼',
  `email` varchar(50) DEFAULT NULL,
  `point` int(11) NOT NULL DEFAULT 0 COMMENT '學生擁有點數',
  `school` varchar(50) DEFAULT NULL COMMENT '學生就讀學校',
  `studentid` varchar(50) DEFAULT NULL COMMENT '學號',
  PRIMARY KEY (`username`),
  UNIQUE KEY `username` (`username`)
) ENGINE=InnoDB DEFAULT CHARSET=utf8;
/*!40101 SET character_set_client = @saved_cs_client */;

--
-- Dumping data for table `web_student`
--

LOCK TABLES `web_student` WRITE;
/*!40000 ALTER TABLE `web_student` DISABLE KEYS */;
INSERT INTO `web_student` VALUES ('hles60401','學生',7,NULL,'男',NULL,NULL,180,'新北市永和區秀朗國民小學','60401'),('hles60402','學生',7,NULL,'男',NULL,NULL,200,'新北市永和區秀朗國民小學','60402'),('hles60403','學生',7,NULL,'男',NULL,NULL,200,'新北市永和區秀朗國民小學','60403'),('hles60404','學生',7,NULL,'男',NULL,NULL,200,'新北市永和區秀朗國民小學','60404'),('hles60405','學生',7,NULL,'男',NULL,NULL,200,'新北市永和區秀朗國民小學','60405'),('hles60406','學生',7,NULL,'男',NULL,NULL,200,'新北市永和區秀朗國民小學','60406'),('hles60407','學生',7,NULL,'男',NULL,NULL,200,'新北市永和區秀朗國民小學','60407'),('hles60408','學生',7,NULL,'男',NULL,NULL,200,'新北市永和區秀朗國民小學','60408'),('hles60409','學生',7,NULL,'男',NULL,NULL,200,'新北市永和區秀朗國民小學','60409'),('hles60410','學生',7,NULL,'男',NULL,NULL,200,'新北市永和區秀朗國民小學','60410'),('hles60411','學生',7,NULL,'男',NULL,NULL,200,'新北市永和區秀朗國民小學','60411'),('hles60412','學生',7,NULL,'男',NULL,NULL,200,'新北市永和區秀朗國民小學','60412'),('hles60413','學生',7,NULL,'男',NULL,NULL,200,'新北市永和區秀朗國民小學','60413'),('hles60414','學生',7,NULL,'男',NULL,NULL,200,'新北市永和區秀朗國民小學','60414'),('hles60415','學生',7,NULL,'男',NULL,NULL,200,'新北市永和區秀朗國民小學','60415'),('hles60416','學生',7,NULL,'男',NULL,NULL,200,'新北市永和區秀朗國民小學','60416'),('hles60417','學生',7,NULL,'男',NULL,NULL,200,'新北市永和區秀朗國民小學','60417'),('hles60418','學生',7,NULL,'男',NULL,NULL,200,'新北市永和區秀朗國民小學','60418'),('hles60419','學生',7,NULL,'男',NULL,NULL,200,'新北市永和區秀朗國民小學','60419'),('hles60420','學生',7,NULL,'男',NULL,NULL,200,'新北市永和區秀朗國民小學','60420'),('hles60421','學生',7,NULL,'男',NULL,NULL,200,'新北市永和區秀朗國民小學','60421'),('hles60422','學生',7,NULL,'男',NULL,NULL,200,'新北市永和區秀朗國民小學','60422'),('hles60423','學生',7,NULL,'男',NULL,NULL,200,'新北市永和區秀朗國民小學','60423'),('hles60424','學生',7,NULL,'男',NULL,NULL,200,'新北市永和區秀朗國民小學','60424'),('hles60425','學生',7,NULL,'男',NULL,NULL,200,'新北市永和區秀朗國民小學','60425'),('hles60426','學生',7,NULL,'男',NULL,NULL,200,'新北市永和區秀朗國民小學','60426'),('hles60427','學生',7,NULL,'男',NULL,NULL,200,'新北市永和區秀朗國民小學','60427'),('hles60428','學生',7,NULL,'男',NULL,NULL,200,'新北市永和區秀朗國民小學','60428'),('hles60429','學生',7,NULL,'男',NULL,NULL,200,'新北市永和區秀朗國民小學','60429'),('hles60430','學生',7,NULL,'男',NULL,NULL,200,'新北市永和區秀朗國民小學','60430'),('hles60431','學生',7,NULL,'男',NULL,NULL,260,'新北市永和區秀朗國民小學','60431'),('TCF001','張大東',4,'0909123654','男',NULL,'mrdadong@gmail.com',290,'臺北市立松山國民小學','1410431000'),('THC001','劉阿味',2,'0909111222','男',NULL,'barbu@gmail.com',440,'臺北市立松山國民小學','1410431001'),('TWO001','王大大',3,NULL,'女',NULL,NULL,460,'新北市立新店國民小學','234567');
/*!40000 ALTER TABLE `web_student` ENABLE KEYS */;
UNLOCK TABLES;

--
-- Table structure for table `web_teacher`
--

DROP TABLE IF EXISTS `web_teacher`;
/*!40101 SET @saved_cs_client     = @@character_set_client */;
/*!40101 SET character_set_client = utf8 */;
CREATE TABLE `web_teacher` (
  `username` varchar(100) NOT NULL COMMENT '帳號、索引值',
  `name` varchar(100) NOT NULL COMMENT '老師姓名',
  `groupid` int(11) NOT NULL COMMENT '老師所屬社福單位／協會',
  `tel` varchar(50) DEFAULT NULL COMMENT '老師連絡電話',
  `gender` varchar(2) DEFAULT NULL COMMENT '老師性別',
  `picture` varchar(10000) DEFAULT NULL COMMENT '老師大頭貼存放位址',
  `email` varchar(50) DEFAULT NULL,
  `school` varchar(50) DEFAULT NULL COMMENT '老師服務機關',
  PRIMARY KEY (`username`)
) ENGINE=InnoDB DEFAULT CHARSET=utf8;
/*!40101 SET character_set_client = @saved_cs_client */;

--
-- Dumping data for table `web_teacher`
--

LOCK TABLES `web_teacher` WRITE;
/*!40000 ALTER TABLE `web_teacher` DISABLE KEYS */;
INSERT INTO `web_teacher` VALUES ('CWFT01','王老師',6,'0955555555','女',NULL,'aragaki@gmail.com','新北市立永和國民小學'),('hlest001','林哲仲老師',7,'0912345678','男',NULL,NULL,'新北市永和區秀朗國民小學'),('hlest002','老師',7,'0912345678','男',NULL,NULL,'新北市永和區秀朗國民小學'),('hlest003','老師',7,'0912345678','男',NULL,NULL,'新北市永和區秀朗國民小學'),('hlest004','老師',7,'0912345678','男',NULL,NULL,'新北市永和區秀朗國民小學'),('hlest005','老師',7,'0912345678','男',NULL,NULL,'新北市永和區秀朗國民小學'),('hlest006','老師',7,'0912345678','男',NULL,NULL,'新北市永和區秀朗國民小學'),('hlest007','老師',7,'0912345678','男',NULL,NULL,'新北市永和區秀朗國民小學'),('hlest008','老師',7,'0912345678','男',NULL,NULL,'新北市永和區秀朗國民小學'),('hlest009','老師',7,'0912345678','男',NULL,NULL,'新北市永和區秀朗國民小學'),('hlest010','老師',7,'0912345678','男',NULL,NULL,'新北市永和區秀朗國民小學'),('ISHT01','林老師',1,'0911111111','男',NULL,'dapin@gmail.com','ISHARE'),('TCFT01','林老師',4,'0922111333','女',NULL,'iamteacherlin@gmail.com','臺北市立松山國民小學'),('THCT01','王老師',2,'0922222222','男',NULL,'fucheng@gmail.com','臺北市立松山國民小學'),('TWOT01','楊老師',3,'0933333333','女',NULL,NULL,'新北市立新店國民小學');
/*!40000 ALTER TABLE `web_teacher` ENABLE KEYS */;
UNLOCK TABLES;

--
-- Table structure for table `web_user`
--

DROP TABLE IF EXISTS `web_user`;
/*!40101 SET @saved_cs_client     = @@character_set_client */;
/*!40101 SET character_set_client = utf8 */;
CREATE TABLE `web_user` (
  `id` int(11) NOT NULL AUTO_INCREMENT COMMENT '索引值',
  `username` varchar(100) NOT NULL COMMENT '帳號',
  `password` varchar(100) NOT NULL COMMENT '密碼',
  `type` int(11) NOT NULL COMMENT '登入身分',
  PRIMARY KEY (`id`),
  UNIQUE KEY `username` (`username`)
) ENGINE=InnoDB AUTO_INCREMENT=59 DEFAULT CHARSET=utf8;
/*!40101 SET character_set_client = @saved_cs_client */;

--
-- Dumping data for table `web_user`
--

LOCK TABLES `web_user` WRITE;
/*!40000 ALTER TABLE `web_user` DISABLE KEYS */;
INSERT INTO `web_user` VALUES (1,'admin','admin',4),(3,'ISHV01','123456',3),(4,'ISHT01','123456',2),(5,'THCT01','123456',2),(6,'THCV01','123456',3),(7,'THC001','123456',1),(8,'TWOT01','123456',2),(9,'TWOV01','123456',3),(10,'TWO001','123456',1),(11,'TCFT01','123456',2),(12,'TCFV01','123456',3),(13,'TCF001','123456',1),(14,'CWFT01','123456',2),(15,'CWFV01','123456',3),(16,'CWF001','123456',1),(17,'a001','123456',5),(18,'hlest001','hlest001',2),(19,'hlest002','hlest002',2),(20,'hlest003','hlest003',2),(21,'hlest004','hlest004',2),(22,'hlest005','hlest005',2),(23,'hlest006','hlest006',2),(24,'hlest007','hlest007',2),(25,'hlest008','hlest008',2),(26,'hlest009','hlest009',2),(27,'hlest010','hlest010',2),(28,'hles60401','hles60401',1),(29,'hles60402','hles60402',1),(30,'hles60403','hles60403',1),(31,'hles60404','hles60404',1),(32,'hles60405','hles60405',1),(33,'hles60406','hles60406',1),(34,'hles60407','hles60407',1),(35,'hles60408','hles60408',1),(36,'hles60409','hles60409',1),(37,'hles60410','hles60410',1),(38,'hles60411','hles60411',1),(39,'hles60412','hles60412',1),(40,'hles60413','hles60413',1),(41,'hles60414','hles60414',1),(42,'hles60415','hles60415',1),(43,'hles60416','hles60416',1),(44,'hles60417','hles60417',1),(45,'hles60418','hles60418',1),(46,'hles60419','hles60419',1),(47,'hles60420','hles60420',1),(48,'hles60421','hles60421',1),(49,'hles60422','hles60422',1),(50,'hles60423','hles60423',1),(51,'hles60424','hles60424',1),(52,'hles60425','hles60425',1),(53,'hles60426','hles60426',1),(54,'hles60427','hles60427',1),(55,'hles60428','hles60428',1),(56,'hles60429','hles60429',1),(57,'hles60430','hles60430',1),(58,'hles60431','hlest60431',1);
/*!40000 ALTER TABLE `web_user` ENABLE KEYS */;
UNLOCK TABLES;

--
-- Table structure for table `web_volunteer`
--

DROP TABLE IF EXISTS `web_volunteer`;
/*!40101 SET @saved_cs_client     = @@character_set_client */;
/*!40101 SET character_set_client = utf8 */;
CREATE TABLE `web_volunteer` (
  `username` varchar(100) NOT NULL COMMENT '帳號、索引值',
  `name` varchar(100) NOT NULL COMMENT '志工姓名',
  `groupid` int(11) NOT NULL COMMENT '至公所屬社福單位／協會',
  `tel` varchar(50) DEFAULT NULL COMMENT '志工聯絡電話',
  `gender` varchar(2) DEFAULT NULL COMMENT '志工性別',
  `picture` varchar(10000) DEFAULT NULL COMMENT '志工大頭照存放位址',
  `email` varchar(50) DEFAULT NULL,
  PRIMARY KEY (`username`)
) ENGINE=InnoDB DEFAULT CHARSET=utf8;
/*!40101 SET character_set_client = @saved_cs_client */;

--
-- Dumping data for table `web_volunteer`
--

LOCK TABLES `web_volunteer` WRITE;
/*!40000 ALTER TABLE `web_volunteer` DISABLE KEYS */;
INSERT INTO `web_volunteer` VALUES ('CWFV01','吳志工',6,'0955555556','男',NULL,NULL),('ISHV01','劉志工',1,'0911111112','男',NULL,'ISHV001@gmail.com'),('TCFV01','林志工',4,'0933333334','男',NULL,NULL),('THCV01','陳志工',2,'0922222223','女',NULL,'THCV02@gmail.com'),('TWOV01','徐志工',3,'0944444445','女',NULL,'wowmusic@gmail.com');
/*!40000 ALTER TABLE `web_volunteer` ENABLE KEYS */;
UNLOCK TABLES;
/*!40103 SET TIME_ZONE=@OLD_TIME_ZONE */;

/*!40101 SET SQL_MODE=@OLD_SQL_MODE */;
/*!40014 SET FOREIGN_KEY_CHECKS=@OLD_FOREIGN_KEY_CHECKS */;
/*!40014 SET UNIQUE_CHECKS=@OLD_UNIQUE_CHECKS */;
/*!40101 SET CHARACTER_SET_CLIENT=@OLD_CHARACTER_SET_CLIENT */;
/*!40101 SET CHARACTER_SET_RESULTS=@OLD_CHARACTER_SET_RESULTS */;
/*!40101 SET COLLATION_CONNECTION=@OLD_COLLATION_CONNECTION */;
/*!40111 SET SQL_NOTES=@OLD_SQL_NOTES */;

-- Dump completed on 2018-05-01 17:06:04
